<?xml version="1.0" encoding="UTF-8"?>
<!-- Product Version: Vivado v2019.2 (64-bit)                     -->
<!--                                                              -->
<!-- Copyright 1986-2019 Xilinx, Inc. All Rights Reserved.        -->

<hwsession version="1" minor="2">
  <device name="xc7a100t_0" gui_info="dashboard1=hw_ila_1[xc7a100t_0/hw_ila_1/Settings=ILA_SETTINGS_1;xc7a100t_0/hw_ila_1/Trigger Setup=ILA_TRIGGER_1;xc7a100t_0/hw_ila_1/Capture Setup=ILA_CAPTURE_1;xc7a100t_0/hw_ila_1/Status=ILA_STATUS_1;xc7a100t_0/hw_ila_1/Waveform=ILA_WAVE_1;]"/>
  <ObjectList object_type="hw_ila" gui_info="">
    <Object name="" gui_info="">
      <Properties Property="CONTROL.TRIGGER_CONDITION" value="AND"/>
      <Properties Property="CORE_REFRESH_RATE_MS" value="500"/>
    </Object>
  </ObjectList>
  <probeset name="hw project" active="false"/>
</hwsession>
