<?xml version="1.0" encoding="UTF-8"?>
<spirit:component xmlns:xilinx="http://www.xilinx.com" xmlns:spirit="http://www.spiritconsortium.org/XMLSchema/SPIRIT/1685-2009" xmlns:xsi="http://www.w3.org/2001/XMLSchema-instance">
  <spirit:vendor>xilinx.com</spirit:vendor>
  <spirit:library>user</spirit:library>
  <spirit:name>uisetvbuf</spirit:name>
  <spirit:version>1.0</spirit:version>
  <spirit:model>
    <spirit:views>
      <spirit:view>
        <spirit:name>xilinx_anylanguagesynthesis</spirit:name>
        <spirit:displayName>Synthesis</spirit:displayName>
        <spirit:envIdentifier>:vivado.xilinx.com:synthesis</spirit:envIdentifier>
        <spirit:language>Verilog</spirit:language>
        <spirit:modelName>uisetvbuf</spirit:modelName>
        <spirit:fileSetRef>
          <spirit:localName>xilinx_anylanguagesynthesis_view_fileset</spirit:localName>
        </spirit:fileSetRef>
        <spirit:parameters>
          <spirit:parameter>
            <spirit:name>viewChecksum</spirit:name>
            <spirit:value>378e37c9</spirit:value>
          </spirit:parameter>
        </spirit:parameters>
      </spirit:view>
      <spirit:view>
        <spirit:name>xilinx_anylanguagebehavioralsimulation</spirit:name>
        <spirit:displayName>Simulation</spirit:displayName>
        <spirit:envIdentifier>:vivado.xilinx.com:simulation</spirit:envIdentifier>
        <spirit:language>Verilog</spirit:language>
        <spirit:modelName>uisetvbuf</spirit:modelName>
        <spirit:fileSetRef>
          <spirit:localName>xilinx_anylanguagebehavioralsimulation_view_fileset</spirit:localName>
        </spirit:fileSetRef>
        <spirit:parameters>
          <spirit:parameter>
            <spirit:name>viewChecksum</spirit:name>
            <spirit:value>378e37c9</spirit:value>
          </spirit:parameter>
        </spirit:parameters>
      </spirit:view>
      <spirit:view>
        <spirit:name>xilinx_xpgui</spirit:name>
        <spirit:displayName>UI Layout</spirit:displayName>
        <spirit:envIdentifier>:vivado.xilinx.com:xgui.ui</spirit:envIdentifier>
        <spirit:fileSetRef>
          <spirit:localName>xilinx_xpgui_view_fileset</spirit:localName>
        </spirit:fileSetRef>
        <spirit:parameters>
          <spirit:parameter>
            <spirit:name>viewChecksum</spirit:name>
            <spirit:value>5b01591c</spirit:value>
          </spirit:parameter>
        </spirit:parameters>
      </spirit:view>
    </spirit:views>
    <spirit:ports>
      <spirit:port>
        <spirit:name>bufn_i</spirit:name>
        <spirit:wire>
          <spirit:direction>in</spirit:direction>
          <spirit:vector>
            <spirit:left spirit:format="long">7</spirit:left>
            <spirit:right spirit:format="long">0</spirit:right>
          </spirit:vector>
          <spirit:wireTypeDefs>
            <spirit:wireTypeDef>
              <spirit:typeName>std_logic_vector</spirit:typeName>
              <spirit:viewNameRef>xilinx_anylanguagesynthesis</spirit:viewNameRef>
              <spirit:viewNameRef>xilinx_anylanguagebehavioralsimulation</spirit:viewNameRef>
            </spirit:wireTypeDef>
          </spirit:wireTypeDefs>
        </spirit:wire>
      </spirit:port>
      <spirit:port>
        <spirit:name>bufn_o</spirit:name>
        <spirit:wire>
          <spirit:direction>out</spirit:direction>
          <spirit:vector>
            <spirit:left spirit:format="long">7</spirit:left>
            <spirit:right spirit:format="long">0</spirit:right>
          </spirit:vector>
          <spirit:wireTypeDefs>
            <spirit:wireTypeDef>
              <spirit:typeName>std_logic_vector</spirit:typeName>
              <spirit:viewNameRef>xilinx_anylanguagesynthesis</spirit:viewNameRef>
              <spirit:viewNameRef>xilinx_anylanguagebehavioralsimulation</spirit:viewNameRef>
            </spirit:wireTypeDef>
          </spirit:wireTypeDefs>
        </spirit:wire>
      </spirit:port>
    </spirit:ports>
    <spirit:modelParameters>
      <spirit:modelParameter xsi:type="spirit:nameValueTypeType" spirit:dataType="integer">
        <spirit:name>BUF_DELAY</spirit:name>
        <spirit:displayName>Buf Delay</spirit:displayName>
        <spirit:value spirit:format="long" spirit:resolve="generated" spirit:id="MODELPARAM_VALUE.BUF_DELAY">1</spirit:value>
      </spirit:modelParameter>
      <spirit:modelParameter spirit:dataType="integer">
        <spirit:name>BUF_LENTH</spirit:name>
        <spirit:displayName>Buf Lenth</spirit:displayName>
        <spirit:value spirit:format="long" spirit:resolve="generated" spirit:id="MODELPARAM_VALUE.BUF_LENTH">3</spirit:value>
      </spirit:modelParameter>
    </spirit:modelParameters>
  </spirit:model>
  <spirit:fileSets>
    <spirit:fileSet>
      <spirit:name>xilinx_anylanguagesynthesis_view_fileset</spirit:name>
      <spirit:file>
        <spirit:name>uisetvbuf.v</spirit:name>
        <spirit:fileType>verilogSource</spirit:fileType>
        <spirit:userFileType>CHECKSUM_378e37c9</spirit:userFileType>
      </spirit:file>
    </spirit:fileSet>
    <spirit:fileSet>
      <spirit:name>xilinx_anylanguagebehavioralsimulation_view_fileset</spirit:name>
      <spirit:file>
        <spirit:name>uisetvbuf.v</spirit:name>
        <spirit:fileType>verilogSource</spirit:fileType>
      </spirit:file>
    </spirit:fileSet>
    <spirit:fileSet>
      <spirit:name>xilinx_xpgui_view_fileset</spirit:name>
      <spirit:file>
        <spirit:name>xgui/uisetvbuf_v1_0.tcl</spirit:name>
        <spirit:fileType>tclSource</spirit:fileType>
        <spirit:userFileType>CHECKSUM_5b01591c</spirit:userFileType>
        <spirit:userFileType>XGUI_VERSION_2</spirit:userFileType>
      </spirit:file>
    </spirit:fileSet>
  </spirit:fileSets>
  <spirit:description>uisetvbuf_v1_0</spirit:description>
  <spirit:parameters>
    <spirit:parameter>
      <spirit:name>BUF_DELAY</spirit:name>
      <spirit:displayName>Buf Delay</spirit:displayName>
      <spirit:value spirit:format="long" spirit:resolve="user" spirit:id="PARAM_VALUE.BUF_DELAY">1</spirit:value>
    </spirit:parameter>
    <spirit:parameter>
      <spirit:name>BUF_LENTH</spirit:name>
      <spirit:displayName>Buf Lenth</spirit:displayName>
      <spirit:value spirit:format="long" spirit:resolve="user" spirit:id="PARAM_VALUE.BUF_LENTH">3</spirit:value>
    </spirit:parameter>
    <spirit:parameter>
      <spirit:name>Component_Name</spirit:name>
      <spirit:value spirit:resolve="user" spirit:id="PARAM_VALUE.Component_Name" spirit:order="1">uisetvbuf_v1_0</spirit:value>
    </spirit:parameter>
  </spirit:parameters>
  <spirit:vendorExtensions>
    <xilinx:coreExtensions>
      <xilinx:supportedFamilies>
        <xilinx:family xilinx:lifeCycle="Production">virtex7</xilinx:family>
        <xilinx:family xilinx:lifeCycle="Production">qvirtex7</xilinx:family>
        <xilinx:family xilinx:lifeCycle="Production">kintex7</xilinx:family>
        <xilinx:family xilinx:lifeCycle="Production">kintex7l</xilinx:family>
        <xilinx:family xilinx:lifeCycle="Production">qkintex7</xilinx:family>
        <xilinx:family xilinx:lifeCycle="Production">qkintex7l</xilinx:family>
        <xilinx:family xilinx:lifeCycle="Production">akintex7</xilinx:family>
        <xilinx:family xilinx:lifeCycle="Production">artix7</xilinx:family>
        <xilinx:family xilinx:lifeCycle="Production">artix7l</xilinx:family>
        <xilinx:family xilinx:lifeCycle="Production">aartix7</xilinx:family>
        <xilinx:family xilinx:lifeCycle="Production">qartix7</xilinx:family>
        <xilinx:family xilinx:lifeCycle="Production">zynq</xilinx:family>
        <xilinx:family xilinx:lifeCycle="Production">qzynq</xilinx:family>
        <xilinx:family xilinx:lifeCycle="Production">azynq</xilinx:family>
        <xilinx:family xilinx:lifeCycle="Production">spartan7</xilinx:family>
        <xilinx:family xilinx:lifeCycle="Production">aspartan7</xilinx:family>
        <xilinx:family xilinx:lifeCycle="Production">virtexuplus</xilinx:family>
        <xilinx:family xilinx:lifeCycle="Production">virtexuplusHBM</xilinx:family>
        <xilinx:family xilinx:lifeCycle="Production">kintexuplus</xilinx:family>
        <xilinx:family xilinx:lifeCycle="Production">zynquplus</xilinx:family>
        <xilinx:family xilinx:lifeCycle="Production">kintexu</xilinx:family>
      </xilinx:supportedFamilies>
      <xilinx:taxonomies>
        <xilinx:taxonomy>/UserIP</xilinx:taxonomy>
      </xilinx:taxonomies>
      <xilinx:displayName>uisetvbuf_v1_0</xilinx:displayName>
      <xilinx:definitionSource>package_project</xilinx:definitionSource>
      <xilinx:coreRevision>2</xilinx:coreRevision>
      <xilinx:coreCreationDateTime>2021-09-08T01:35:45Z</xilinx:coreCreationDateTime>
      <xilinx:tags>
        <xilinx:tag xilinx:name="ui.data.coregen.dd@54dbeb05_ARCHIVE_LOCATION">g:/ip2019/uisetvbuf</xilinx:tag>
        <xilinx:tag xilinx:name="ui.data.coregen.dd@4bf44465_ARCHIVE_LOCATION">g:/ip2019/uisetvbuf</xilinx:tag>
        <xilinx:tag xilinx:name="ui.data.coregen.dd@1451ac74_ARCHIVE_LOCATION">g:/ip2019/uisetvbuf</xilinx:tag>
        <xilinx:tag xilinx:name="ui.data.coregen.dd@7dfea11f_ARCHIVE_LOCATION">g:/ip2019/uisetvbuf</xilinx:tag>
        <xilinx:tag xilinx:name="ui.data.coregen.dd@d98a96b_ARCHIVE_LOCATION">g:/ip2019/uisetvbuf</xilinx:tag>
        <xilinx:tag xilinx:name="ui.data.coregen.dd@7a534f47_ARCHIVE_LOCATION">g:/ip2019/uisetvbuf</xilinx:tag>
        <xilinx:tag xilinx:name="ui.data.coregen.dd@4e7e43ac_ARCHIVE_LOCATION">g:/ip2019/uisetvbuf</xilinx:tag>
        <xilinx:tag xilinx:name="ui.data.coregen.dd@255db21c_ARCHIVE_LOCATION">g:/ip2019/uisetvbuf</xilinx:tag>
        <xilinx:tag xilinx:name="ui.data.coregen.dd@633c177b_ARCHIVE_LOCATION">g:/ip2019/uisetvbuf</xilinx:tag>
        <xilinx:tag xilinx:name="ui.data.coregen.dd@7c0626f2_ARCHIVE_LOCATION">g:/ip2019/uisetvbuf</xilinx:tag>
        <xilinx:tag xilinx:name="ui.data.coregen.dd@2b6c722f_ARCHIVE_LOCATION">g:/ip2019/uisetvbuf</xilinx:tag>
        <xilinx:tag xilinx:name="ui.data.coregen.dd@5aa6f57_ARCHIVE_LOCATION">g:/ip2019/uisetvbuf</xilinx:tag>
        <xilinx:tag xilinx:name="ui.data.coregen.dd@175156cd_ARCHIVE_LOCATION">g:/ip2019/uisetvbuf</xilinx:tag>
        <xilinx:tag xilinx:name="ui.data.coregen.dd@7196c079_ARCHIVE_LOCATION">g:/ip2019/uisetvbuf</xilinx:tag>
        <xilinx:tag xilinx:name="ui.data.coregen.dd@2284254d_ARCHIVE_LOCATION">g:/ip2019/uisetvbuf</xilinx:tag>
        <xilinx:tag xilinx:name="ui.data.coregen.dd@2d9e3b7f_ARCHIVE_LOCATION">g:/ip2019/uisetvbuf</xilinx:tag>
        <xilinx:tag xilinx:name="ui.data.coregen.df@40f61c25_ARCHIVE_LOCATION">f:/Boards/mz7x/fdma_dbuf_vdma_5640/zu_prj/uisrc/03_ip/uisetvbuf</xilinx:tag>
        <xilinx:tag xilinx:name="ui.data.coregen.df@497cf38a_ARCHIVE_LOCATION">f:/Boards/mz7x/fdma_dbuf_vdma_5640/zu_prj/uisrc/03_ip/uisetvbuf</xilinx:tag>
        <xilinx:tag xilinx:name="ui.data.coregen.df@69c3988c_ARCHIVE_LOCATION">f:/Boards/mz7x/fdma_dbuf_vdma_5640/zu_prj/uisrc/03_ip/uisetvbuf</xilinx:tag>
        <xilinx:tag xilinx:name="ui.data.coregen.df@5018cfb1_ARCHIVE_LOCATION">f:/Boards/mz7x/fdma_dbuf_vdma_5640/zu_prj/uisrc/03_ip/uisetvbuf</xilinx:tag>
        <xilinx:tag xilinx:name="ui.data.coregen.df@4c1367a5_ARCHIVE_LOCATION">f:/Boards/mz7x/fdma_dbuf_vdma_5640/zu_prj/uisrc/03_ip/uisetvbuf</xilinx:tag>
        <xilinx:tag xilinx:name="ui.data.coregen.df@1bdd29a6_ARCHIVE_LOCATION">f:/Boards/mz7x/fdma_dbuf_vdma_5640/zu_prj/uisrc/03_ip/uisetvbuf</xilinx:tag>
        <xilinx:tag xilinx:name="ui.data.coregen.df@1b800737_ARCHIVE_LOCATION">f:/Boards/mz7x/fdma_dbuf_vdma_5640/zu_prj/uisrc/03_ip/uisetvbuf</xilinx:tag>
        <xilinx:tag xilinx:name="ui.data.coregen.df@2b2e0636_ARCHIVE_LOCATION">f:/Boards/mz7x/fdma_dbuf_vdma_5640/zu_prj/uisrc/03_ip/uisetvbuf</xilinx:tag>
        <xilinx:tag xilinx:name="ui.data.coregen.df@2e2f9d81_ARCHIVE_LOCATION">f:/Boards/mz7x/fdma_dbuf_vdma_5640/zu_prj/uisrc/03_ip/uisetvbuf</xilinx:tag>
        <xilinx:tag xilinx:name="ui.data.coregen.df@26031201_ARCHIVE_LOCATION">f:/Boards/mz7x/fdma_dbuf_vdma_5640/zu_prj/uisrc/03_ip/uisetvbuf</xilinx:tag>
        <xilinx:tag xilinx:name="ui.data.coregen.df@6a46dd68_ARCHIVE_LOCATION">f:/Boards/mz7x/fdma_dbuf_vdma_5640/zu_prj/uisrc/03_ip/uisetvbuf</xilinx:tag>
      </xilinx:tags>
    </xilinx:coreExtensions>
    <xilinx:packagingInfo>
      <xilinx:xilinxVersion>2021.1</xilinx:xilinxVersion>
      <xilinx:checksum xilinx:scope="fileGroups" xilinx:value="f34c638b"/>
      <xilinx:checksum xilinx:scope="ports" xilinx:value="593fb863"/>
      <xilinx:checksum xilinx:scope="hdlParameters" xilinx:value="7bb8d7b4"/>
      <xilinx:checksum xilinx:scope="parameters" xilinx:value="b4954a41"/>
    </xilinx:packagingInfo>
  </spirit:vendorExtensions>
</spirit:component>
