<?xml version="1.0" encoding="UTF-8"?>
<!-- Product Version: Vivado v2019.2 (64-bit)                     -->
<!--                                                              -->
<!-- Copyright 1986-2019 Xilinx, Inc. All Rights Reserved.        -->

<hwsession version="1" minor="2">
  <device name="xc7a100t_0" gui_info="dashboard1=hw_ila_1[xc7a100t_0/hw_ila_1/Settings=ILA_SETTINGS_1;xc7a100t_0/hw_ila_1/Trigger Setup=ILA_TRIGGER_1;xc7a100t_0/hw_ila_1/Capture Setup=ILA_CAPTURE_1;xc7a100t_0/hw_ila_1/Status=ILA_STATUS_1;xc7a100t_0/hw_ila_1/Waveform=ILA_WAVE_1;],dashboard2=hw_ila_2[xc7a100t_0/hw_ila_2/Waveform=ILA_WAVE_1;xc7a100t_0/hw_ila_2/Capture Setup=ILA_CAPTURE_1;xc7a100t_0/hw_ila_2/Trigger Setup=ILA_TRIGGER_1;xc7a100t_0/hw_ila_2/Status=ILA_STATUS_1;xc7a100t_0/hw_ila_2/Settings=ILA_SETTINGS_1;]"/>
  <ObjectList object_type="hw_device" gui_info="">
    <Object name="xc7a100t_0" gui_info="">
      <Properties Property="FULL_PROBES.FILE" value="D:/Boards/MA703/04_example_PCIE/CH01_PCIE_Base/FPGA/pcie_system2/pcie_system.runs/impl_1/pcie_top.ltx"/>
      <Properties Property="PROBES.FILE" value="D:/Boards/MA703/04_example_PCIE/CH01_PCIE_Base/FPGA/pcie_system2/pcie_system.runs/impl_1/pcie_top.ltx"/>
      <Properties Property="PROGRAM.HW_BITSTREAM" value="D:/Boards/MA703/04_example_PCIE/CH01_PCIE_Base/FPGA/pcie_system2/pcie_system.runs/impl_1/pcie_top.bit"/>
      <Properties Property="SLR.COUNT" value="1"/>
    </Object>
  </ObjectList>
  <ObjectList object_type="hw_ila" gui_info="">
    <Object name="" gui_info="">
      <Properties Property="CONTROL.TRIGGER_CONDITION" value="AND"/>
      <Properties Property="CORE_REFRESH_RATE_MS" value="500"/>
    </Object>
    <Object name="pcie_system_i/ila_0" gui_info="">
      <Properties Property="CONTROL.TRIGGER_CONDITION" value="AND"/>
      <Properties Property="CORE_REFRESH_RATE_MS" value="500"/>
    </Object>
    <Object name="pcie_system_i/system_ila_0/inst/ila_lib" gui_info="">
      <Properties Property="CONTROL.TRIGGER_CONDITION" value="AND"/>
      <Properties Property="CORE_REFRESH_RATE_MS" value="500"/>
    </Object>
  </ObjectList>
  <probeset name="hw project" active="false">
    <probe type="ila" busType="bus" source="netlist" spec="ILA_V2_RT">
      <probeOptions Id="DebugProbeParams">
        <Option Id="CAPTURE_COMPARE_VALUE" value="eq13&apos;hXXXX"/>
        <Option Id="COMPARE_VALUE.0" value="eq13&apos;hXXXX"/>
        <Option Id="DISPLAY_AS_ENUM" value="1"/>
        <Option Id="DISPLAY_HINT" value=""/>
        <Option Id="DISPLAY_RADIX" value="HEX"/>
        <Option Id="DISPLAY_VISIBILITY" value=""/>
        <Option Id="HW_ILA" value="hw_ila_2"/>
        <Option Id="LINK_TO_WAVEFORM" value="1"/>
        <Option Id="MAP" value="probe0[12:0]"/>
        <Option Id="NAME.CUSTOM" value=""/>
        <Option Id="NAME.SELECT" value="Long"/>
        <Option Id="SOURCE" value="netlist"/>
        <Option Id="TRIGGER_COMPARE_VALUE" value="eq13&apos;hXXXX"/>
        <Option Id="WAVEFORM_STYLE" value="Digital"/>
      </probeOptions>
      <nets>
        <net name="pcie_system_i/system_ila_0/inst/SLOT_0_BRAM_addr_1[12]"/>
        <net name="pcie_system_i/system_ila_0/inst/SLOT_0_BRAM_addr_1[11]"/>
        <net name="pcie_system_i/system_ila_0/inst/SLOT_0_BRAM_addr_1[10]"/>
        <net name="pcie_system_i/system_ila_0/inst/SLOT_0_BRAM_addr_1[9]"/>
        <net name="pcie_system_i/system_ila_0/inst/SLOT_0_BRAM_addr_1[8]"/>
        <net name="pcie_system_i/system_ila_0/inst/SLOT_0_BRAM_addr_1[7]"/>
        <net name="pcie_system_i/system_ila_0/inst/SLOT_0_BRAM_addr_1[6]"/>
        <net name="pcie_system_i/system_ila_0/inst/SLOT_0_BRAM_addr_1[5]"/>
        <net name="pcie_system_i/system_ila_0/inst/SLOT_0_BRAM_addr_1[4]"/>
        <net name="pcie_system_i/system_ila_0/inst/SLOT_0_BRAM_addr_1[3]"/>
        <net name="pcie_system_i/system_ila_0/inst/SLOT_0_BRAM_addr_1[2]"/>
        <net name="pcie_system_i/system_ila_0/inst/SLOT_0_BRAM_addr_1[1]"/>
        <net name="pcie_system_i/system_ila_0/inst/SLOT_0_BRAM_addr_1[0]"/>
      </nets>
    </probe>
    <probe type="ila" busType="bus" source="netlist" spec="ILA_V2_RT">
      <probeOptions Id="DebugProbeParams">
        <Option Id="CAPTURE_COMPARE_VALUE" value="eq64&apos;hXXXX_XXXX_XXXX_XXXX"/>
        <Option Id="COMPARE_VALUE.0" value="eq64&apos;hXXXX_XXXX_XXXX_XXXX"/>
        <Option Id="DISPLAY_AS_ENUM" value="1"/>
        <Option Id="DISPLAY_HINT" value=""/>
        <Option Id="DISPLAY_RADIX" value="HEX"/>
        <Option Id="DISPLAY_VISIBILITY" value=""/>
        <Option Id="HW_ILA" value="hw_ila_2"/>
        <Option Id="LINK_TO_WAVEFORM" value="1"/>
        <Option Id="MAP" value="probe1[63:0]"/>
        <Option Id="NAME.CUSTOM" value=""/>
        <Option Id="NAME.SELECT" value="Long"/>
        <Option Id="SOURCE" value="netlist"/>
        <Option Id="TRIGGER_COMPARE_VALUE" value="eq64&apos;hXXXX_XXXX_XXXX_XXXX"/>
        <Option Id="WAVEFORM_STYLE" value="Digital"/>
      </probeOptions>
      <nets>
        <net name="pcie_system_i/system_ila_0/inst/SLOT_0_BRAM_din_1[63]"/>
        <net name="pcie_system_i/system_ila_0/inst/SLOT_0_BRAM_din_1[62]"/>
        <net name="pcie_system_i/system_ila_0/inst/SLOT_0_BRAM_din_1[61]"/>
        <net name="pcie_system_i/system_ila_0/inst/SLOT_0_BRAM_din_1[60]"/>
        <net name="pcie_system_i/system_ila_0/inst/SLOT_0_BRAM_din_1[59]"/>
        <net name="pcie_system_i/system_ila_0/inst/SLOT_0_BRAM_din_1[58]"/>
        <net name="pcie_system_i/system_ila_0/inst/SLOT_0_BRAM_din_1[57]"/>
        <net name="pcie_system_i/system_ila_0/inst/SLOT_0_BRAM_din_1[56]"/>
        <net name="pcie_system_i/system_ila_0/inst/SLOT_0_BRAM_din_1[55]"/>
        <net name="pcie_system_i/system_ila_0/inst/SLOT_0_BRAM_din_1[54]"/>
        <net name="pcie_system_i/system_ila_0/inst/SLOT_0_BRAM_din_1[53]"/>
        <net name="pcie_system_i/system_ila_0/inst/SLOT_0_BRAM_din_1[52]"/>
        <net name="pcie_system_i/system_ila_0/inst/SLOT_0_BRAM_din_1[51]"/>
        <net name="pcie_system_i/system_ila_0/inst/SLOT_0_BRAM_din_1[50]"/>
        <net name="pcie_system_i/system_ila_0/inst/SLOT_0_BRAM_din_1[49]"/>
        <net name="pcie_system_i/system_ila_0/inst/SLOT_0_BRAM_din_1[48]"/>
        <net name="pcie_system_i/system_ila_0/inst/SLOT_0_BRAM_din_1[47]"/>
        <net name="pcie_system_i/system_ila_0/inst/SLOT_0_BRAM_din_1[46]"/>
        <net name="pcie_system_i/system_ila_0/inst/SLOT_0_BRAM_din_1[45]"/>
        <net name="pcie_system_i/system_ila_0/inst/SLOT_0_BRAM_din_1[44]"/>
        <net name="pcie_system_i/system_ila_0/inst/SLOT_0_BRAM_din_1[43]"/>
        <net name="pcie_system_i/system_ila_0/inst/SLOT_0_BRAM_din_1[42]"/>
        <net name="pcie_system_i/system_ila_0/inst/SLOT_0_BRAM_din_1[41]"/>
        <net name="pcie_system_i/system_ila_0/inst/SLOT_0_BRAM_din_1[40]"/>
        <net name="pcie_system_i/system_ila_0/inst/SLOT_0_BRAM_din_1[39]"/>
        <net name="pcie_system_i/system_ila_0/inst/SLOT_0_BRAM_din_1[38]"/>
        <net name="pcie_system_i/system_ila_0/inst/SLOT_0_BRAM_din_1[37]"/>
        <net name="pcie_system_i/system_ila_0/inst/SLOT_0_BRAM_din_1[36]"/>
        <net name="pcie_system_i/system_ila_0/inst/SLOT_0_BRAM_din_1[35]"/>
        <net name="pcie_system_i/system_ila_0/inst/SLOT_0_BRAM_din_1[34]"/>
        <net name="pcie_system_i/system_ila_0/inst/SLOT_0_BRAM_din_1[33]"/>
        <net name="pcie_system_i/system_ila_0/inst/SLOT_0_BRAM_din_1[32]"/>
        <net name="pcie_system_i/system_ila_0/inst/SLOT_0_BRAM_din_1[31]"/>
        <net name="pcie_system_i/system_ila_0/inst/SLOT_0_BRAM_din_1[30]"/>
        <net name="pcie_system_i/system_ila_0/inst/SLOT_0_BRAM_din_1[29]"/>
        <net name="pcie_system_i/system_ila_0/inst/SLOT_0_BRAM_din_1[28]"/>
        <net name="pcie_system_i/system_ila_0/inst/SLOT_0_BRAM_din_1[27]"/>
        <net name="pcie_system_i/system_ila_0/inst/SLOT_0_BRAM_din_1[26]"/>
        <net name="pcie_system_i/system_ila_0/inst/SLOT_0_BRAM_din_1[25]"/>
        <net name="pcie_system_i/system_ila_0/inst/SLOT_0_BRAM_din_1[24]"/>
        <net name="pcie_system_i/system_ila_0/inst/SLOT_0_BRAM_din_1[23]"/>
        <net name="pcie_system_i/system_ila_0/inst/SLOT_0_BRAM_din_1[22]"/>
        <net name="pcie_system_i/system_ila_0/inst/SLOT_0_BRAM_din_1[21]"/>
        <net name="pcie_system_i/system_ila_0/inst/SLOT_0_BRAM_din_1[20]"/>
        <net name="pcie_system_i/system_ila_0/inst/SLOT_0_BRAM_din_1[19]"/>
        <net name="pcie_system_i/system_ila_0/inst/SLOT_0_BRAM_din_1[18]"/>
        <net name="pcie_system_i/system_ila_0/inst/SLOT_0_BRAM_din_1[17]"/>
        <net name="pcie_system_i/system_ila_0/inst/SLOT_0_BRAM_din_1[16]"/>
        <net name="pcie_system_i/system_ila_0/inst/SLOT_0_BRAM_din_1[15]"/>
        <net name="pcie_system_i/system_ila_0/inst/SLOT_0_BRAM_din_1[14]"/>
        <net name="pcie_system_i/system_ila_0/inst/SLOT_0_BRAM_din_1[13]"/>
        <net name="pcie_system_i/system_ila_0/inst/SLOT_0_BRAM_din_1[12]"/>
        <net name="pcie_system_i/system_ila_0/inst/SLOT_0_BRAM_din_1[11]"/>
        <net name="pcie_system_i/system_ila_0/inst/SLOT_0_BRAM_din_1[10]"/>
        <net name="pcie_system_i/system_ila_0/inst/SLOT_0_BRAM_din_1[9]"/>
        <net name="pcie_system_i/system_ila_0/inst/SLOT_0_BRAM_din_1[8]"/>
        <net name="pcie_system_i/system_ila_0/inst/SLOT_0_BRAM_din_1[7]"/>
        <net name="pcie_system_i/system_ila_0/inst/SLOT_0_BRAM_din_1[6]"/>
        <net name="pcie_system_i/system_ila_0/inst/SLOT_0_BRAM_din_1[5]"/>
        <net name="pcie_system_i/system_ila_0/inst/SLOT_0_BRAM_din_1[4]"/>
        <net name="pcie_system_i/system_ila_0/inst/SLOT_0_BRAM_din_1[3]"/>
        <net name="pcie_system_i/system_ila_0/inst/SLOT_0_BRAM_din_1[2]"/>
        <net name="pcie_system_i/system_ila_0/inst/SLOT_0_BRAM_din_1[1]"/>
        <net name="pcie_system_i/system_ila_0/inst/SLOT_0_BRAM_din_1[0]"/>
      </nets>
    </probe>
    <probe type="ila" busType="bus" source="netlist" spec="ILA_V2_RT">
      <probeOptions Id="DebugProbeParams">
        <Option Id="CAPTURE_COMPARE_VALUE" value="eq64&apos;hXXXX_XXXX_XXXX_XXXX"/>
        <Option Id="COMPARE_VALUE.0" value="eq64&apos;hXXXX_XXXX_XXXX_XXXX"/>
        <Option Id="DISPLAY_AS_ENUM" value="1"/>
        <Option Id="DISPLAY_HINT" value=""/>
        <Option Id="DISPLAY_RADIX" value="HEX"/>
        <Option Id="DISPLAY_VISIBILITY" value=""/>
        <Option Id="HW_ILA" value="hw_ila_2"/>
        <Option Id="LINK_TO_WAVEFORM" value="1"/>
        <Option Id="MAP" value="probe2[63:0]"/>
        <Option Id="NAME.CUSTOM" value=""/>
        <Option Id="NAME.SELECT" value="Long"/>
        <Option Id="SOURCE" value="netlist"/>
        <Option Id="TRIGGER_COMPARE_VALUE" value="eq64&apos;hXXXX_XXXX_XXXX_XXXX"/>
        <Option Id="WAVEFORM_STYLE" value="Digital"/>
      </probeOptions>
      <nets>
        <net name="pcie_system_i/system_ila_0/inst/SLOT_0_BRAM_dout_1[63]"/>
        <net name="pcie_system_i/system_ila_0/inst/SLOT_0_BRAM_dout_1[62]"/>
        <net name="pcie_system_i/system_ila_0/inst/SLOT_0_BRAM_dout_1[61]"/>
        <net name="pcie_system_i/system_ila_0/inst/SLOT_0_BRAM_dout_1[60]"/>
        <net name="pcie_system_i/system_ila_0/inst/SLOT_0_BRAM_dout_1[59]"/>
        <net name="pcie_system_i/system_ila_0/inst/SLOT_0_BRAM_dout_1[58]"/>
        <net name="pcie_system_i/system_ila_0/inst/SLOT_0_BRAM_dout_1[57]"/>
        <net name="pcie_system_i/system_ila_0/inst/SLOT_0_BRAM_dout_1[56]"/>
        <net name="pcie_system_i/system_ila_0/inst/SLOT_0_BRAM_dout_1[55]"/>
        <net name="pcie_system_i/system_ila_0/inst/SLOT_0_BRAM_dout_1[54]"/>
        <net name="pcie_system_i/system_ila_0/inst/SLOT_0_BRAM_dout_1[53]"/>
        <net name="pcie_system_i/system_ila_0/inst/SLOT_0_BRAM_dout_1[52]"/>
        <net name="pcie_system_i/system_ila_0/inst/SLOT_0_BRAM_dout_1[51]"/>
        <net name="pcie_system_i/system_ila_0/inst/SLOT_0_BRAM_dout_1[50]"/>
        <net name="pcie_system_i/system_ila_0/inst/SLOT_0_BRAM_dout_1[49]"/>
        <net name="pcie_system_i/system_ila_0/inst/SLOT_0_BRAM_dout_1[48]"/>
        <net name="pcie_system_i/system_ila_0/inst/SLOT_0_BRAM_dout_1[47]"/>
        <net name="pcie_system_i/system_ila_0/inst/SLOT_0_BRAM_dout_1[46]"/>
        <net name="pcie_system_i/system_ila_0/inst/SLOT_0_BRAM_dout_1[45]"/>
        <net name="pcie_system_i/system_ila_0/inst/SLOT_0_BRAM_dout_1[44]"/>
        <net name="pcie_system_i/system_ila_0/inst/SLOT_0_BRAM_dout_1[43]"/>
        <net name="pcie_system_i/system_ila_0/inst/SLOT_0_BRAM_dout_1[42]"/>
        <net name="pcie_system_i/system_ila_0/inst/SLOT_0_BRAM_dout_1[41]"/>
        <net name="pcie_system_i/system_ila_0/inst/SLOT_0_BRAM_dout_1[40]"/>
        <net name="pcie_system_i/system_ila_0/inst/SLOT_0_BRAM_dout_1[39]"/>
        <net name="pcie_system_i/system_ila_0/inst/SLOT_0_BRAM_dout_1[38]"/>
        <net name="pcie_system_i/system_ila_0/inst/SLOT_0_BRAM_dout_1[37]"/>
        <net name="pcie_system_i/system_ila_0/inst/SLOT_0_BRAM_dout_1[36]"/>
        <net name="pcie_system_i/system_ila_0/inst/SLOT_0_BRAM_dout_1[35]"/>
        <net name="pcie_system_i/system_ila_0/inst/SLOT_0_BRAM_dout_1[34]"/>
        <net name="pcie_system_i/system_ila_0/inst/SLOT_0_BRAM_dout_1[33]"/>
        <net name="pcie_system_i/system_ila_0/inst/SLOT_0_BRAM_dout_1[32]"/>
        <net name="pcie_system_i/system_ila_0/inst/SLOT_0_BRAM_dout_1[31]"/>
        <net name="pcie_system_i/system_ila_0/inst/SLOT_0_BRAM_dout_1[30]"/>
        <net name="pcie_system_i/system_ila_0/inst/SLOT_0_BRAM_dout_1[29]"/>
        <net name="pcie_system_i/system_ila_0/inst/SLOT_0_BRAM_dout_1[28]"/>
        <net name="pcie_system_i/system_ila_0/inst/SLOT_0_BRAM_dout_1[27]"/>
        <net name="pcie_system_i/system_ila_0/inst/SLOT_0_BRAM_dout_1[26]"/>
        <net name="pcie_system_i/system_ila_0/inst/SLOT_0_BRAM_dout_1[25]"/>
        <net name="pcie_system_i/system_ila_0/inst/SLOT_0_BRAM_dout_1[24]"/>
        <net name="pcie_system_i/system_ila_0/inst/SLOT_0_BRAM_dout_1[23]"/>
        <net name="pcie_system_i/system_ila_0/inst/SLOT_0_BRAM_dout_1[22]"/>
        <net name="pcie_system_i/system_ila_0/inst/SLOT_0_BRAM_dout_1[21]"/>
        <net name="pcie_system_i/system_ila_0/inst/SLOT_0_BRAM_dout_1[20]"/>
        <net name="pcie_system_i/system_ila_0/inst/SLOT_0_BRAM_dout_1[19]"/>
        <net name="pcie_system_i/system_ila_0/inst/SLOT_0_BRAM_dout_1[18]"/>
        <net name="pcie_system_i/system_ila_0/inst/SLOT_0_BRAM_dout_1[17]"/>
        <net name="pcie_system_i/system_ila_0/inst/SLOT_0_BRAM_dout_1[16]"/>
        <net name="pcie_system_i/system_ila_0/inst/SLOT_0_BRAM_dout_1[15]"/>
        <net name="pcie_system_i/system_ila_0/inst/SLOT_0_BRAM_dout_1[14]"/>
        <net name="pcie_system_i/system_ila_0/inst/SLOT_0_BRAM_dout_1[13]"/>
        <net name="pcie_system_i/system_ila_0/inst/SLOT_0_BRAM_dout_1[12]"/>
        <net name="pcie_system_i/system_ila_0/inst/SLOT_0_BRAM_dout_1[11]"/>
        <net name="pcie_system_i/system_ila_0/inst/SLOT_0_BRAM_dout_1[10]"/>
        <net name="pcie_system_i/system_ila_0/inst/SLOT_0_BRAM_dout_1[9]"/>
        <net name="pcie_system_i/system_ila_0/inst/SLOT_0_BRAM_dout_1[8]"/>
        <net name="pcie_system_i/system_ila_0/inst/SLOT_0_BRAM_dout_1[7]"/>
        <net name="pcie_system_i/system_ila_0/inst/SLOT_0_BRAM_dout_1[6]"/>
        <net name="pcie_system_i/system_ila_0/inst/SLOT_0_BRAM_dout_1[5]"/>
        <net name="pcie_system_i/system_ila_0/inst/SLOT_0_BRAM_dout_1[4]"/>
        <net name="pcie_system_i/system_ila_0/inst/SLOT_0_BRAM_dout_1[3]"/>
        <net name="pcie_system_i/system_ila_0/inst/SLOT_0_BRAM_dout_1[2]"/>
        <net name="pcie_system_i/system_ila_0/inst/SLOT_0_BRAM_dout_1[1]"/>
        <net name="pcie_system_i/system_ila_0/inst/SLOT_0_BRAM_dout_1[0]"/>
      </nets>
    </probe>
    <probe type="ila" busType="net" source="netlist" spec="ILA_V2_RT">
      <probeOptions Id="DebugProbeParams">
        <Option Id="CAPTURE_COMPARE_VALUE" value="eq1&apos;bX"/>
        <Option Id="COMPARE_VALUE.0" value="eq1&apos;bX"/>
        <Option Id="DISPLAY_AS_ENUM" value="1"/>
        <Option Id="DISPLAY_HINT" value=""/>
        <Option Id="DISPLAY_RADIX" value="HEX"/>
        <Option Id="DISPLAY_VISIBILITY" value=""/>
        <Option Id="HW_ILA" value="hw_ila_2"/>
        <Option Id="LINK_TO_WAVEFORM" value="1"/>
        <Option Id="MAP" value="probe3[0]"/>
        <Option Id="NAME.CUSTOM" value=""/>
        <Option Id="NAME.SELECT" value="Long"/>
        <Option Id="SOURCE" value="netlist"/>
        <Option Id="TRIGGER_COMPARE_VALUE" value="eq1&apos;bX"/>
        <Option Id="WAVEFORM_STYLE" value="Digital"/>
      </probeOptions>
      <nets>
        <net name="pcie_system_i/system_ila_0/inst/SLOT_0_BRAM_en_1"/>
      </nets>
    </probe>
    <probe type="ila" busType="net" source="netlist" spec="ILA_V2_RT">
      <probeOptions Id="DebugProbeParams">
        <Option Id="CAPTURE_COMPARE_VALUE" value="eq1&apos;bX"/>
        <Option Id="COMPARE_VALUE.0" value="eq1&apos;bX"/>
        <Option Id="DISPLAY_AS_ENUM" value="1"/>
        <Option Id="DISPLAY_HINT" value=""/>
        <Option Id="DISPLAY_RADIX" value="HEX"/>
        <Option Id="DISPLAY_VISIBILITY" value=""/>
        <Option Id="HW_ILA" value="hw_ila_2"/>
        <Option Id="LINK_TO_WAVEFORM" value="1"/>
        <Option Id="MAP" value="probe4[0]"/>
        <Option Id="NAME.CUSTOM" value=""/>
        <Option Id="NAME.SELECT" value="Long"/>
        <Option Id="SOURCE" value="netlist"/>
        <Option Id="TRIGGER_COMPARE_VALUE" value="eq1&apos;bX"/>
        <Option Id="WAVEFORM_STYLE" value="Digital"/>
      </probeOptions>
      <nets>
        <net name="pcie_system_i/system_ila_0/inst/SLOT_0_BRAM_rst_1"/>
      </nets>
    </probe>
    <probe type="ila" busType="bus" source="netlist" spec="ILA_V2_RT">
      <probeOptions Id="DebugProbeParams">
        <Option Id="CAPTURE_COMPARE_VALUE" value="eq8&apos;hXX"/>
        <Option Id="COMPARE_VALUE.0" value="eq8&apos;hXX"/>
        <Option Id="DISPLAY_AS_ENUM" value="1"/>
        <Option Id="DISPLAY_HINT" value=""/>
        <Option Id="DISPLAY_RADIX" value="HEX"/>
        <Option Id="DISPLAY_VISIBILITY" value=""/>
        <Option Id="HW_ILA" value="hw_ila_2"/>
        <Option Id="LINK_TO_WAVEFORM" value="1"/>
        <Option Id="MAP" value="probe5[7:0]"/>
        <Option Id="NAME.CUSTOM" value=""/>
        <Option Id="NAME.SELECT" value="Long"/>
        <Option Id="SOURCE" value="netlist"/>
        <Option Id="TRIGGER_COMPARE_VALUE" value="eq8&apos;hXX"/>
        <Option Id="WAVEFORM_STYLE" value="Digital"/>
      </probeOptions>
      <nets>
        <net name="pcie_system_i/system_ila_0/inst/SLOT_0_BRAM_we_1[7]"/>
        <net name="pcie_system_i/system_ila_0/inst/SLOT_0_BRAM_we_1[6]"/>
        <net name="pcie_system_i/system_ila_0/inst/SLOT_0_BRAM_we_1[5]"/>
        <net name="pcie_system_i/system_ila_0/inst/SLOT_0_BRAM_we_1[4]"/>
        <net name="pcie_system_i/system_ila_0/inst/SLOT_0_BRAM_we_1[3]"/>
        <net name="pcie_system_i/system_ila_0/inst/SLOT_0_BRAM_we_1[2]"/>
        <net name="pcie_system_i/system_ila_0/inst/SLOT_0_BRAM_we_1[1]"/>
        <net name="pcie_system_i/system_ila_0/inst/SLOT_0_BRAM_we_1[0]"/>
      </nets>
    </probe>
    <probe type="ila" busType="net" source="netlist" spec="ILA_V2_RT">
      <probeOptions Id="DebugProbeParams">
        <Option Id="CAPTURE_COMPARE_VALUE" value="eq1&apos;bX"/>
        <Option Id="COMPARE_VALUE.0" value="eq1&apos;bX"/>
        <Option Id="DISPLAY_AS_ENUM" value="1"/>
        <Option Id="DISPLAY_HINT" value=""/>
        <Option Id="DISPLAY_RADIX" value="HEX"/>
        <Option Id="DISPLAY_VISIBILITY" value=""/>
        <Option Id="HW_ILA" value="hw_ila_1"/>
        <Option Id="LINK_TO_WAVEFORM" value="1"/>
        <Option Id="MAP" value="probe4[0]"/>
        <Option Id="NAME.CUSTOM" value=""/>
        <Option Id="NAME.SELECT" value="Long"/>
        <Option Id="SOURCE" value="netlist"/>
        <Option Id="TRIGGER_COMPARE_VALUE" value="eq1&apos;bX"/>
        <Option Id="WAVEFORM_STYLE" value="Digital"/>
      </probeOptions>
      <nets>
        <net name="pcie_system_i/uixdmairq_0_user_irq_en_o"/>
      </nets>
    </probe>
    <probe type="ila" busType="bus" source="netlist" spec="ILA_V2_RT">
      <probeOptions Id="DebugProbeParams">
        <Option Id="CAPTURE_COMPARE_VALUE" value="eq16&apos;hXXXX"/>
        <Option Id="COMPARE_VALUE.0" value="eq16&apos;hXXXX"/>
        <Option Id="DISPLAY_AS_ENUM" value="1"/>
        <Option Id="DISPLAY_HINT" value=""/>
        <Option Id="DISPLAY_RADIX" value="HEX"/>
        <Option Id="DISPLAY_VISIBILITY" value=""/>
        <Option Id="HW_ILA" value="hw_ila_1"/>
        <Option Id="LINK_TO_WAVEFORM" value="1"/>
        <Option Id="MAP" value="probe2[15:0]"/>
        <Option Id="NAME.CUSTOM" value=""/>
        <Option Id="NAME.SELECT" value="Long"/>
        <Option Id="SOURCE" value="netlist"/>
        <Option Id="TRIGGER_COMPARE_VALUE" value="eq16&apos;hXXXX"/>
        <Option Id="WAVEFORM_STYLE" value="Digital"/>
      </probeOptions>
      <nets>
        <net name="pcie_system_i/uixdmairq_0_xdma_irq_req_o[15]"/>
        <net name="pcie_system_i/uixdmairq_0_xdma_irq_req_o[14]"/>
        <net name="pcie_system_i/uixdmairq_0_xdma_irq_req_o[13]"/>
        <net name="pcie_system_i/uixdmairq_0_xdma_irq_req_o[12]"/>
        <net name="pcie_system_i/uixdmairq_0_xdma_irq_req_o[11]"/>
        <net name="pcie_system_i/uixdmairq_0_xdma_irq_req_o[10]"/>
        <net name="pcie_system_i/uixdmairq_0_xdma_irq_req_o[9]"/>
        <net name="pcie_system_i/uixdmairq_0_xdma_irq_req_o[8]"/>
        <net name="pcie_system_i/uixdmairq_0_xdma_irq_req_o[7]"/>
        <net name="pcie_system_i/uixdmairq_0_xdma_irq_req_o[6]"/>
        <net name="pcie_system_i/uixdmairq_0_xdma_irq_req_o[5]"/>
        <net name="pcie_system_i/uixdmairq_0_xdma_irq_req_o[4]"/>
        <net name="pcie_system_i/uixdmairq_0_xdma_irq_req_o[3]"/>
        <net name="pcie_system_i/uixdmairq_0_xdma_irq_req_o[2]"/>
        <net name="pcie_system_i/uixdmairq_0_xdma_irq_req_o[1]"/>
        <net name="pcie_system_i/uixdmairq_0_xdma_irq_req_o[0]"/>
      </nets>
    </probe>
    <probe type="ila" busType="bus" source="netlist" spec="ILA_V2_RT">
      <probeOptions Id="DebugProbeParams">
        <Option Id="CAPTURE_COMPARE_VALUE" value="eq16&apos;hXXXX"/>
        <Option Id="COMPARE_VALUE.0" value="eq16&apos;hXXXX"/>
        <Option Id="DISPLAY_AS_ENUM" value="1"/>
        <Option Id="DISPLAY_HINT" value=""/>
        <Option Id="DISPLAY_RADIX" value="HEX"/>
        <Option Id="DISPLAY_VISIBILITY" value=""/>
        <Option Id="HW_ILA" value="hw_ila_1"/>
        <Option Id="LINK_TO_WAVEFORM" value="1"/>
        <Option Id="MAP" value="probe1[15:0]"/>
        <Option Id="NAME.CUSTOM" value=""/>
        <Option Id="NAME.SELECT" value="Long"/>
        <Option Id="SOURCE" value="netlist"/>
        <Option Id="TRIGGER_COMPARE_VALUE" value="eq16&apos;hXXXX"/>
        <Option Id="WAVEFORM_STYLE" value="Digital"/>
      </probeOptions>
      <nets>
        <net name="pcie_system_i/user_irq_req_i_0_1[15]"/>
        <net name="pcie_system_i/user_irq_req_i_0_1[14]"/>
        <net name="pcie_system_i/user_irq_req_i_0_1[13]"/>
        <net name="pcie_system_i/user_irq_req_i_0_1[12]"/>
        <net name="pcie_system_i/user_irq_req_i_0_1[11]"/>
        <net name="pcie_system_i/user_irq_req_i_0_1[10]"/>
        <net name="pcie_system_i/user_irq_req_i_0_1[9]"/>
        <net name="pcie_system_i/user_irq_req_i_0_1[8]"/>
        <net name="pcie_system_i/user_irq_req_i_0_1[7]"/>
        <net name="pcie_system_i/user_irq_req_i_0_1[6]"/>
        <net name="pcie_system_i/user_irq_req_i_0_1[5]"/>
        <net name="pcie_system_i/user_irq_req_i_0_1[4]"/>
        <net name="pcie_system_i/user_irq_req_i_0_1[3]"/>
        <net name="pcie_system_i/user_irq_req_i_0_1[2]"/>
        <net name="pcie_system_i/user_irq_req_i_0_1[1]"/>
        <net name="pcie_system_i/user_irq_req_i_0_1[0]"/>
      </nets>
    </probe>
    <probe type="ila" busType="net" source="netlist" spec="ILA_V2_RT">
      <probeOptions Id="DebugProbeParams">
        <Option Id="CAPTURE_COMPARE_VALUE" value="eq1&apos;bX"/>
        <Option Id="COMPARE_VALUE.0" value="eq1&apos;bX"/>
        <Option Id="DISPLAY_AS_ENUM" value="1"/>
        <Option Id="DISPLAY_HINT" value=""/>
        <Option Id="DISPLAY_RADIX" value="HEX"/>
        <Option Id="DISPLAY_VISIBILITY" value=""/>
        <Option Id="HW_ILA" value="hw_ila_1"/>
        <Option Id="LINK_TO_WAVEFORM" value="1"/>
        <Option Id="MAP" value="probe0[0]"/>
        <Option Id="NAME.CUSTOM" value=""/>
        <Option Id="NAME.SELECT" value="Long"/>
        <Option Id="SOURCE" value="netlist"/>
        <Option Id="TRIGGER_COMPARE_VALUE" value="eq1&apos;bX"/>
        <Option Id="WAVEFORM_STYLE" value="Digital"/>
      </probeOptions>
      <nets>
        <net name="pcie_system_i/xdma_0_user_lnk_up"/>
      </nets>
    </probe>
    <probe type="ila" busType="bus" source="netlist" spec="ILA_V2_RT">
      <probeOptions Id="DebugProbeParams">
        <Option Id="CAPTURE_COMPARE_VALUE" value="eq16&apos;hXXXX"/>
        <Option Id="COMPARE_VALUE.0" value="eq16&apos;hXXXX"/>
        <Option Id="DISPLAY_AS_ENUM" value="1"/>
        <Option Id="DISPLAY_HINT" value=""/>
        <Option Id="DISPLAY_RADIX" value="HEX"/>
        <Option Id="DISPLAY_VISIBILITY" value=""/>
        <Option Id="HW_ILA" value="hw_ila_1"/>
        <Option Id="LINK_TO_WAVEFORM" value="1"/>
        <Option Id="MAP" value="probe3[15:0]"/>
        <Option Id="NAME.CUSTOM" value=""/>
        <Option Id="NAME.SELECT" value="Long"/>
        <Option Id="SOURCE" value="netlist"/>
        <Option Id="TRIGGER_COMPARE_VALUE" value="eq16&apos;hXXXX"/>
        <Option Id="WAVEFORM_STYLE" value="Digital"/>
      </probeOptions>
      <nets>
        <net name="pcie_system_i/xdma_0_usr_irq_ack[15]"/>
        <net name="pcie_system_i/xdma_0_usr_irq_ack[14]"/>
        <net name="pcie_system_i/xdma_0_usr_irq_ack[13]"/>
        <net name="pcie_system_i/xdma_0_usr_irq_ack[12]"/>
        <net name="pcie_system_i/xdma_0_usr_irq_ack[11]"/>
        <net name="pcie_system_i/xdma_0_usr_irq_ack[10]"/>
        <net name="pcie_system_i/xdma_0_usr_irq_ack[9]"/>
        <net name="pcie_system_i/xdma_0_usr_irq_ack[8]"/>
        <net name="pcie_system_i/xdma_0_usr_irq_ack[7]"/>
        <net name="pcie_system_i/xdma_0_usr_irq_ack[6]"/>
        <net name="pcie_system_i/xdma_0_usr_irq_ack[5]"/>
        <net name="pcie_system_i/xdma_0_usr_irq_ack[4]"/>
        <net name="pcie_system_i/xdma_0_usr_irq_ack[3]"/>
        <net name="pcie_system_i/xdma_0_usr_irq_ack[2]"/>
        <net name="pcie_system_i/xdma_0_usr_irq_ack[1]"/>
        <net name="pcie_system_i/xdma_0_usr_irq_ack[0]"/>
      </nets>
    </probe>
  </probeset>
</hwsession>
