<?xml version="1.0" encoding="UTF-8"?>
<spirit:component xmlns:xilinx="http://www.xilinx.com" xmlns:spirit="http://www.spiritconsortium.org/XMLSchema/SPIRIT/1685-2009" xmlns:xsi="http://www.w3.org/2001/XMLSchema-instance">
  <spirit:vendor>xilinx.com</spirit:vendor>
  <spirit:library>user</spirit:library>
  <spirit:name>uivtc</spirit:name>
  <spirit:version>1.1</spirit:version>
  <spirit:busInterfaces>
    <spirit:busInterface>
      <spirit:name>vtc_out</spirit:name>
      <spirit:busType spirit:vendor="xilinx.com" spirit:library="interface" spirit:name="video_timing" spirit:version="2.0"/>
      <spirit:abstractionType spirit:vendor="xilinx.com" spirit:library="interface" spirit:name="video_timing_rtl" spirit:version="2.0"/>
      <spirit:master/>
      <spirit:portMaps>
        <spirit:portMap>
          <spirit:logicalPort>
            <spirit:name>ACTIVE_VIDEO</spirit:name>
          </spirit:logicalPort>
          <spirit:physicalPort>
            <spirit:name>vtc_de_o</spirit:name>
          </spirit:physicalPort>
        </spirit:portMap>
        <spirit:portMap>
          <spirit:logicalPort>
            <spirit:name>HSYNC</spirit:name>
          </spirit:logicalPort>
          <spirit:physicalPort>
            <spirit:name>vtc_hs_o</spirit:name>
          </spirit:physicalPort>
        </spirit:portMap>
        <spirit:portMap>
          <spirit:logicalPort>
            <spirit:name>VSYNC</spirit:name>
          </spirit:logicalPort>
          <spirit:physicalPort>
            <spirit:name>vtc_vs_o</spirit:name>
          </spirit:physicalPort>
        </spirit:portMap>
      </spirit:portMaps>
    </spirit:busInterface>
  </spirit:busInterfaces>
  <spirit:model>
    <spirit:views>
      <spirit:view>
        <spirit:name>xilinx_anylanguagesynthesis</spirit:name>
        <spirit:displayName>Synthesis</spirit:displayName>
        <spirit:envIdentifier>:vivado.xilinx.com:synthesis</spirit:envIdentifier>
        <spirit:language>Verilog</spirit:language>
        <spirit:modelName>uivtc</spirit:modelName>
        <spirit:fileSetRef>
          <spirit:localName>xilinx_anylanguagesynthesis_view_fileset</spirit:localName>
        </spirit:fileSetRef>
        <spirit:parameters>
          <spirit:parameter>
            <spirit:name>viewChecksum</spirit:name>
            <spirit:value>5bd36b9e</spirit:value>
          </spirit:parameter>
        </spirit:parameters>
      </spirit:view>
      <spirit:view>
        <spirit:name>xilinx_anylanguagebehavioralsimulation</spirit:name>
        <spirit:displayName>Simulation</spirit:displayName>
        <spirit:envIdentifier>:vivado.xilinx.com:simulation</spirit:envIdentifier>
        <spirit:language>Verilog</spirit:language>
        <spirit:modelName>uivtc</spirit:modelName>
        <spirit:fileSetRef>
          <spirit:localName>xilinx_anylanguagebehavioralsimulation_view_fileset</spirit:localName>
        </spirit:fileSetRef>
        <spirit:parameters>
          <spirit:parameter>
            <spirit:name>viewChecksum</spirit:name>
            <spirit:value>5bd36b9e</spirit:value>
          </spirit:parameter>
        </spirit:parameters>
      </spirit:view>
      <spirit:view>
        <spirit:name>xilinx_xpgui</spirit:name>
        <spirit:displayName>UI Layout</spirit:displayName>
        <spirit:envIdentifier>:vivado.xilinx.com:xgui.ui</spirit:envIdentifier>
        <spirit:fileSetRef>
          <spirit:localName>xilinx_xpgui_view_fileset</spirit:localName>
        </spirit:fileSetRef>
        <spirit:parameters>
          <spirit:parameter>
            <spirit:name>viewChecksum</spirit:name>
            <spirit:value>d1d867a6</spirit:value>
          </spirit:parameter>
        </spirit:parameters>
      </spirit:view>
    </spirit:views>
    <spirit:ports>
      <spirit:port>
        <spirit:name>vtc_rstn_i</spirit:name>
        <spirit:wire>
          <spirit:direction>in</spirit:direction>
          <spirit:wireTypeDefs>
            <spirit:wireTypeDef>
              <spirit:typeName>std_logic</spirit:typeName>
              <spirit:viewNameRef>xilinx_anylanguagesynthesis</spirit:viewNameRef>
              <spirit:viewNameRef>xilinx_anylanguagebehavioralsimulation</spirit:viewNameRef>
            </spirit:wireTypeDef>
          </spirit:wireTypeDefs>
        </spirit:wire>
      </spirit:port>
      <spirit:port>
        <spirit:name>vtc_clk_i</spirit:name>
        <spirit:wire>
          <spirit:direction>in</spirit:direction>
          <spirit:wireTypeDefs>
            <spirit:wireTypeDef>
              <spirit:typeName>std_logic</spirit:typeName>
              <spirit:viewNameRef>xilinx_anylanguagesynthesis</spirit:viewNameRef>
              <spirit:viewNameRef>xilinx_anylanguagebehavioralsimulation</spirit:viewNameRef>
            </spirit:wireTypeDef>
          </spirit:wireTypeDefs>
        </spirit:wire>
      </spirit:port>
      <spirit:port>
        <spirit:name>vtc_vs_o</spirit:name>
        <spirit:wire>
          <spirit:direction>out</spirit:direction>
          <spirit:wireTypeDefs>
            <spirit:wireTypeDef>
              <spirit:typeName>reg</spirit:typeName>
              <spirit:viewNameRef>xilinx_anylanguagesynthesis</spirit:viewNameRef>
              <spirit:viewNameRef>xilinx_anylanguagebehavioralsimulation</spirit:viewNameRef>
            </spirit:wireTypeDef>
          </spirit:wireTypeDefs>
        </spirit:wire>
      </spirit:port>
      <spirit:port>
        <spirit:name>vtc_hs_o</spirit:name>
        <spirit:wire>
          <spirit:direction>out</spirit:direction>
          <spirit:wireTypeDefs>
            <spirit:wireTypeDef>
              <spirit:typeName>reg</spirit:typeName>
              <spirit:viewNameRef>xilinx_anylanguagesynthesis</spirit:viewNameRef>
              <spirit:viewNameRef>xilinx_anylanguagebehavioralsimulation</spirit:viewNameRef>
            </spirit:wireTypeDef>
          </spirit:wireTypeDefs>
        </spirit:wire>
      </spirit:port>
      <spirit:port>
        <spirit:name>vtc_de_o</spirit:name>
        <spirit:wire>
          <spirit:direction>out</spirit:direction>
          <spirit:wireTypeDefs>
            <spirit:wireTypeDef>
              <spirit:typeName>reg</spirit:typeName>
              <spirit:viewNameRef>xilinx_anylanguagesynthesis</spirit:viewNameRef>
              <spirit:viewNameRef>xilinx_anylanguagebehavioralsimulation</spirit:viewNameRef>
            </spirit:wireTypeDef>
          </spirit:wireTypeDefs>
        </spirit:wire>
      </spirit:port>
    </spirit:ports>
    <spirit:modelParameters>
      <spirit:modelParameter xsi:type="spirit:nameValueTypeType" spirit:dataType="integer">
        <spirit:name>H_ActiveSize</spirit:name>
        <spirit:displayName>H Activesize</spirit:displayName>
        <spirit:value spirit:format="long" spirit:resolve="generated" spirit:id="MODELPARAM_VALUE.H_ActiveSize">1980</spirit:value>
      </spirit:modelParameter>
      <spirit:modelParameter spirit:dataType="integer">
        <spirit:name>H_FrameSize</spirit:name>
        <spirit:displayName>H Framesize</spirit:displayName>
        <spirit:value spirit:format="long" spirit:resolve="generated" spirit:id="MODELPARAM_VALUE.H_FrameSize">2200</spirit:value>
      </spirit:modelParameter>
      <spirit:modelParameter spirit:dataType="integer">
        <spirit:name>H_SyncStart</spirit:name>
        <spirit:displayName>H Syncstart</spirit:displayName>
        <spirit:value spirit:format="long" spirit:resolve="generated" spirit:id="MODELPARAM_VALUE.H_SyncStart">2008</spirit:value>
      </spirit:modelParameter>
      <spirit:modelParameter spirit:dataType="integer">
        <spirit:name>H_SyncEnd</spirit:name>
        <spirit:displayName>H Syncend</spirit:displayName>
        <spirit:value spirit:format="long" spirit:resolve="generated" spirit:id="MODELPARAM_VALUE.H_SyncEnd">2052</spirit:value>
      </spirit:modelParameter>
      <spirit:modelParameter spirit:dataType="integer">
        <spirit:name>V_ActiveSize</spirit:name>
        <spirit:displayName>V Activesize</spirit:displayName>
        <spirit:value spirit:format="long" spirit:resolve="generated" spirit:id="MODELPARAM_VALUE.V_ActiveSize">1080</spirit:value>
      </spirit:modelParameter>
      <spirit:modelParameter spirit:dataType="integer">
        <spirit:name>V_FrameSize</spirit:name>
        <spirit:displayName>V Framesize</spirit:displayName>
        <spirit:value spirit:format="long" spirit:resolve="generated" spirit:id="MODELPARAM_VALUE.V_FrameSize">1125</spirit:value>
      </spirit:modelParameter>
      <spirit:modelParameter spirit:dataType="integer">
        <spirit:name>V_SyncStart</spirit:name>
        <spirit:displayName>V Syncstart</spirit:displayName>
        <spirit:value spirit:format="long" spirit:resolve="generated" spirit:id="MODELPARAM_VALUE.V_SyncStart">1084</spirit:value>
      </spirit:modelParameter>
      <spirit:modelParameter spirit:dataType="integer">
        <spirit:name>V_SyncEnd</spirit:name>
        <spirit:displayName>V Syncend</spirit:displayName>
        <spirit:value spirit:format="long" spirit:resolve="generated" spirit:id="MODELPARAM_VALUE.V_SyncEnd">1089</spirit:value>
      </spirit:modelParameter>
    </spirit:modelParameters>
  </spirit:model>
  <spirit:fileSets>
    <spirit:fileSet>
      <spirit:name>xilinx_anylanguagesynthesis_view_fileset</spirit:name>
      <spirit:file>
        <spirit:name>uivtc.v</spirit:name>
        <spirit:fileType>verilogSource</spirit:fileType>
        <spirit:userFileType>CHECKSUM_5bd36b9e</spirit:userFileType>
      </spirit:file>
    </spirit:fileSet>
    <spirit:fileSet>
      <spirit:name>xilinx_anylanguagebehavioralsimulation_view_fileset</spirit:name>
      <spirit:file>
        <spirit:name>uivtc.v</spirit:name>
        <spirit:fileType>verilogSource</spirit:fileType>
      </spirit:file>
    </spirit:fileSet>
    <spirit:fileSet>
      <spirit:name>xilinx_xpgui_view_fileset</spirit:name>
      <spirit:file>
        <spirit:name>xgui/uivtc_v1_1.tcl</spirit:name>
        <spirit:fileType>tclSource</spirit:fileType>
        <spirit:userFileType>CHECKSUM_d1d867a6</spirit:userFileType>
        <spirit:userFileType>XGUI_VERSION_2</spirit:userFileType>
      </spirit:file>
    </spirit:fileSet>
  </spirit:fileSets>
  <spirit:description>uivtc_v1_1</spirit:description>
  <spirit:parameters>
    <spirit:parameter>
      <spirit:name>H_ActiveSize</spirit:name>
      <spirit:displayName>H Activesize</spirit:displayName>
      <spirit:value spirit:format="long" spirit:resolve="user" spirit:id="PARAM_VALUE.H_ActiveSize">1980</spirit:value>
    </spirit:parameter>
    <spirit:parameter>
      <spirit:name>H_FrameSize</spirit:name>
      <spirit:displayName>H Framesize</spirit:displayName>
      <spirit:value spirit:format="long" spirit:resolve="user" spirit:id="PARAM_VALUE.H_FrameSize">2200</spirit:value>
    </spirit:parameter>
    <spirit:parameter>
      <spirit:name>H_SyncStart</spirit:name>
      <spirit:displayName>H Syncstart</spirit:displayName>
      <spirit:value spirit:format="long" spirit:resolve="user" spirit:id="PARAM_VALUE.H_SyncStart">2008</spirit:value>
    </spirit:parameter>
    <spirit:parameter>
      <spirit:name>H_SyncEnd</spirit:name>
      <spirit:displayName>H Syncend</spirit:displayName>
      <spirit:value spirit:format="long" spirit:resolve="user" spirit:id="PARAM_VALUE.H_SyncEnd">2052</spirit:value>
    </spirit:parameter>
    <spirit:parameter>
      <spirit:name>V_ActiveSize</spirit:name>
      <spirit:displayName>V Activesize</spirit:displayName>
      <spirit:value spirit:format="long" spirit:resolve="user" spirit:id="PARAM_VALUE.V_ActiveSize">1080</spirit:value>
    </spirit:parameter>
    <spirit:parameter>
      <spirit:name>V_FrameSize</spirit:name>
      <spirit:displayName>V Framesize</spirit:displayName>
      <spirit:value spirit:format="long" spirit:resolve="user" spirit:id="PARAM_VALUE.V_FrameSize">1125</spirit:value>
    </spirit:parameter>
    <spirit:parameter>
      <spirit:name>V_SyncStart</spirit:name>
      <spirit:displayName>V Syncstart</spirit:displayName>
      <spirit:value spirit:format="long" spirit:resolve="user" spirit:id="PARAM_VALUE.V_SyncStart">1084</spirit:value>
    </spirit:parameter>
    <spirit:parameter>
      <spirit:name>V_SyncEnd</spirit:name>
      <spirit:displayName>V Syncend</spirit:displayName>
      <spirit:value spirit:format="long" spirit:resolve="user" spirit:id="PARAM_VALUE.V_SyncEnd">1089</spirit:value>
    </spirit:parameter>
    <spirit:parameter>
      <spirit:name>Component_Name</spirit:name>
      <spirit:value spirit:resolve="user" spirit:id="PARAM_VALUE.Component_Name" spirit:order="1">uivtc_v1_0</spirit:value>
    </spirit:parameter>
  </spirit:parameters>
  <spirit:vendorExtensions>
    <xilinx:coreExtensions>
      <xilinx:supportedFamilies>
        <xilinx:family xilinx:lifeCycle="Production">virtex7</xilinx:family>
        <xilinx:family xilinx:lifeCycle="Production">qvirtex7</xilinx:family>
        <xilinx:family xilinx:lifeCycle="Production">kintex7</xilinx:family>
        <xilinx:family xilinx:lifeCycle="Production">kintex7l</xilinx:family>
        <xilinx:family xilinx:lifeCycle="Production">qkintex7</xilinx:family>
        <xilinx:family xilinx:lifeCycle="Production">qkintex7l</xilinx:family>
        <xilinx:family xilinx:lifeCycle="Production">akintex7</xilinx:family>
        <xilinx:family xilinx:lifeCycle="Production">artix7</xilinx:family>
        <xilinx:family xilinx:lifeCycle="Production">artix7l</xilinx:family>
        <xilinx:family xilinx:lifeCycle="Production">aartix7</xilinx:family>
        <xilinx:family xilinx:lifeCycle="Production">qartix7</xilinx:family>
        <xilinx:family xilinx:lifeCycle="Production">zynq</xilinx:family>
        <xilinx:family xilinx:lifeCycle="Production">qzynq</xilinx:family>
        <xilinx:family xilinx:lifeCycle="Production">azynq</xilinx:family>
        <xilinx:family xilinx:lifeCycle="Production">spartan7</xilinx:family>
        <xilinx:family xilinx:lifeCycle="Production">aspartan7</xilinx:family>
        <xilinx:family xilinx:lifeCycle="Production">virtexu</xilinx:family>
        <xilinx:family xilinx:lifeCycle="Production">zynquplus</xilinx:family>
        <xilinx:family xilinx:lifeCycle="Production">virtexuplus</xilinx:family>
        <xilinx:family xilinx:lifeCycle="Production">virtexuplusHBM</xilinx:family>
        <xilinx:family xilinx:lifeCycle="Production">kintexuplus</xilinx:family>
        <xilinx:family xilinx:lifeCycle="Production">kintexu</xilinx:family>
      </xilinx:supportedFamilies>
      <xilinx:taxonomies>
        <xilinx:taxonomy>/UserIP</xilinx:taxonomy>
      </xilinx:taxonomies>
      <xilinx:displayName>uivtc_v1_1</xilinx:displayName>
      <xilinx:definitionSource>package_project</xilinx:definitionSource>
      <xilinx:coreRevision>1</xilinx:coreRevision>
      <xilinx:upgrades>
        <xilinx:canUpgradeFrom>xilinx.com:user:uivtc:1.0</xilinx:canUpgradeFrom>
      </xilinx:upgrades>
      <xilinx:coreCreationDateTime>2022-09-28T13:23:36Z</xilinx:coreCreationDateTime>
      <xilinx:tags>
        <xilinx:tag xilinx:name="ui.data.coregen.dd@19c10bd6_ARCHIVE_LOCATION">g:/v2020/s01/ch27/fpga_prj/uisrc/03_ip/uivtc</xilinx:tag>
        <xilinx:tag xilinx:name="ui.data.coregen.dd@3657ec0b_ARCHIVE_LOCATION">g:/v2020/s01/ch27/fpga_prj/uisrc/03_ip/uivtc</xilinx:tag>
        <xilinx:tag xilinx:name="ui.data.coregen.dd@ccaa82d_ARCHIVE_LOCATION">g:/v2020/s01/ch27/fpga_prj/uisrc/03_ip/uivtc</xilinx:tag>
        <xilinx:tag xilinx:name="ui.data.coregen.dd@46761ef5_ARCHIVE_LOCATION">g:/v2020/s01/ch27/fpga_prj/uisrc/03_ip/uivtc</xilinx:tag>
        <xilinx:tag xilinx:name="ui.data.coregen.dd@7cf45baa_ARCHIVE_LOCATION">g:/v2020/s01/ch27/fpga_prj/uisrc/03_ip/uivtc</xilinx:tag>
        <xilinx:tag xilinx:name="ui.data.coregen.dd@7384530f_ARCHIVE_LOCATION">g:/v2020/s01/ch27/fpga_prj/uisrc/03_ip/uivtc</xilinx:tag>
        <xilinx:tag xilinx:name="ui.data.coregen.dd@58c9cafc_ARCHIVE_LOCATION">g:/v2020/s01/ch27/fpga_prj/uisrc/03_ip/uivtc</xilinx:tag>
        <xilinx:tag xilinx:name="ui.data.coregen.dd@70cefdd5_ARCHIVE_LOCATION">g:/v2020/s01/ch27/fpga_prj/uisrc/03_ip/uivtc</xilinx:tag>
        <xilinx:tag xilinx:name="ui.data.coregen.df@98f3e73_ARCHIVE_LOCATION">f:/XILINX/FDMA_DDR/fdma_data_path/07_video_with_ddrbuf/uisrc/03_ip/uivtc</xilinx:tag>
        <xilinx:tag xilinx:name="ui.data.coregen.df@d06bcf2_ARCHIVE_LOCATION">f:/XILINX/FDMA_DDR/fdma_data_path/07_video_with_ddrbuf/uisrc/03_ip/uivtc</xilinx:tag>
        <xilinx:tag xilinx:name="ui.data.coregen.df@7b18e8e0_ARCHIVE_LOCATION">f:/XILINX/FDMA_DDR/fdma_data_path/07_video_with_ddrbuf/uisrc/03_ip/uivtc</xilinx:tag>
        <xilinx:tag xilinx:name="ui.data.coregen.df@649c7680_ARCHIVE_LOCATION">f:/XILINX/FDMA_DDR/fdma_data_path/07_video_with_ddrbuf/uisrc/03_ip/uivtc</xilinx:tag>
        <xilinx:tag xilinx:name="ui.data.coregen.df@123fc3c2_ARCHIVE_LOCATION">f:/XILINX/FDMA_DDR/fdma_data_path/07_video_with_ddrbuf/uisrc/03_ip/uivtc</xilinx:tag>
        <xilinx:tag xilinx:name="ui.data.coregen.df@3ce537ec_ARCHIVE_LOCATION">f:/XILINX/FDMA_DDR/fdma_data_path/07_video_with_ddrbuf/uisrc/03_ip/uivtc</xilinx:tag>
        <xilinx:tag xilinx:name="ui.data.coregen.df@3a8daaf4_ARCHIVE_LOCATION">f:/XILINX/FDMA_DDR/fdma_data_path/07_video_with_ddrbuf/uisrc/03_ip/uivtc</xilinx:tag>
        <xilinx:tag xilinx:name="ui.data.coregen.df@70b8143b_ARCHIVE_LOCATION">f:/XILINX/FDMA_DDR/fdma_data_path/07_video_with_ddrbuf/uisrc/03_ip/uivtc</xilinx:tag>
        <xilinx:tag xilinx:name="ui.data.coregen.df@2005454e_ARCHIVE_LOCATION">f:/XILINX/FDMA_DDR/fdma_data_path/07_video_with_ddrbuf/uisrc/03_ip/uivtc</xilinx:tag>
        <xilinx:tag xilinx:name="ui.data.coregen.df@22a662c6_ARCHIVE_LOCATION">f:/XILINX/FDMA_DDR/fdma_data_path/07_video_with_ddrbuf/uisrc/03_ip/uivtc</xilinx:tag>
        <xilinx:tag xilinx:name="ui.data.coregen.df@5e45de40_ARCHIVE_LOCATION">f:/XILINX/FDMA_DDR/fdma_data_path/07_video_with_ddrbuf/uisrc/03_ip/uivtc</xilinx:tag>
        <xilinx:tag xilinx:name="ui.data.coregen.df@561c2968_ARCHIVE_LOCATION">f:/XILINX/FDMA_DDR/fdma_data_path/07_video_with_ddrbuf/uisrc/03_ip/uivtc</xilinx:tag>
        <xilinx:tag xilinx:name="ui.data.coregen.df@2d25e9f4_ARCHIVE_LOCATION">f:/XILINX/FDMA_DDR/fdma_data_path/07_video_with_ddrbuf/uisrc/03_ip/uivtc</xilinx:tag>
        <xilinx:tag xilinx:name="ui.data.coregen.df@616e0c8c_ARCHIVE_LOCATION">f:/XILINX/FDMA_DDR/fdma_data_path/07_video_with_ddrbuf/uisrc/03_ip/uivtc</xilinx:tag>
        <xilinx:tag xilinx:name="ui.data.coregen.df@a0affe_ARCHIVE_LOCATION">f:/XILINX/FDMA_DDR/fdma_data_path/07_video_with_ddrbuf/uisrc/03_ip/uivtc</xilinx:tag>
        <xilinx:tag xilinx:name="ui.data.coregen.df@5c4f59dc_ARCHIVE_LOCATION">f:/XILINX/FDMA_DDR/fdma_data_path/07_video_with_ddrbuf/uisrc/03_ip/uivtc</xilinx:tag>
      </xilinx:tags>
    </xilinx:coreExtensions>
    <xilinx:packagingInfo>
      <xilinx:xilinxVersion>2021.1</xilinx:xilinxVersion>
      <xilinx:checksum xilinx:scope="busInterfaces" xilinx:value="85b01a7d"/>
      <xilinx:checksum xilinx:scope="fileGroups" xilinx:value="a15e95a7"/>
      <xilinx:checksum xilinx:scope="ports" xilinx:value="9ba5f5cf"/>
      <xilinx:checksum xilinx:scope="hdlParameters" xilinx:value="6bd1162a"/>
      <xilinx:checksum xilinx:scope="parameters" xilinx:value="cafd9426"/>
    </xilinx:packagingInfo>
  </spirit:vendorExtensions>
</spirit:component>
