<?xml version="1.0" encoding="UTF-8"?>
<GenRun Id="impl_1" LaunchPart="xc7z100ffv1156-2" LaunchTime="1615705775">
  <File Type="BITSTR-BMM" Name="uiFDMA_bd.bmm"/>
  <File Type="OPT-METHODOLOGY-DRC" Name="uiFDMA_methodology_drc_opted.rpt"/>
  <File Type="INIT-TIMING" Name="uiFDMA_timing_summary_init.rpt"/>
  <File Type="ROUTE-PWR" Name="uiFDMA_power_routed.rpt"/>
  <File Type="PA-TCL" Name="uiFDMA.tcl"/>
  <File Type="OPT-TIMING" Name="uiFDMA_timing_summary_opted.rpt"/>
  <File Type="OPT-DCP" Name="uiFDMA_opt.dcp"/>
  <File Type="ROUTE-PWR-SUM" Name="uiFDMA_power_summary_routed.pb"/>
  <File Type="REPORTS-TCL" Name="uiFDMA_reports.tcl"/>
  <File Type="OPT-DRC" Name="uiFDMA_drc_opted.rpt"/>
  <File Type="OPT-HWDEF" Name="uiFDMA.hwdef"/>
  <File Type="PWROPT-DCP" Name="uiFDMA_pwropt.dcp"/>
  <File Type="PWROPT-DRC" Name="uiFDMA_drc_pwropted.rpt"/>
  <File Type="PWROPT-TIMING" Name="uiFDMA_timing_summary_pwropted.rpt"/>
  <File Type="PLACE-DCP" Name="uiFDMA_placed.dcp"/>
  <File Type="PLACE-IO" Name="uiFDMA_io_placed.rpt"/>
  <File Type="PLACE-CLK" Name="uiFDMA_clock_utilization_placed.rpt"/>
  <File Type="PLACE-UTIL" Name="uiFDMA_utilization_placed.rpt"/>
  <File Type="PLACE-UTIL-PB" Name="uiFDMA_utilization_placed.pb"/>
  <File Type="PLACE-CTRL" Name="uiFDMA_control_sets_placed.rpt"/>
  <File Type="PLACE-SIMILARITY" Name="uiFDMA_incremental_reuse_placed.rpt"/>
  <File Type="PLACE-PRE-SIMILARITY" Name="uiFDMA_incremental_reuse_pre_placed.rpt"/>
  <File Type="PLACE-TIMING" Name="uiFDMA_timing_summary_placed.rpt"/>
  <File Type="POSTPLACE-PWROPT-DCP" Name="uiFDMA_postplace_pwropt.dcp"/>
  <File Type="BG-BIN" Name="uiFDMA.bin"/>
  <File Type="POSTPLACE-PWROPT-TIMING" Name="uiFDMA_timing_summary_postplace_pwropted.rpt"/>
  <File Type="PHYSOPT-DCP" Name="uiFDMA_physopt.dcp"/>
  <File Type="PHYSOPT-DRC" Name="uiFDMA_drc_physopted.rpt"/>
  <File Type="BITSTR-MSK" Name="uiFDMA.msk"/>
  <File Type="PHYSOPT-TIMING" Name="uiFDMA_timing_summary_physopted.rpt"/>
  <File Type="ROUTE-ERROR-DCP" Name="uiFDMA_routed_error.dcp"/>
  <File Type="ROUTE-DCP" Name="uiFDMA_routed.dcp"/>
  <File Type="ROUTE-BLACKBOX-DCP" Name="uiFDMA_routed_bb.dcp"/>
  <File Type="ROUTE-DRC" Name="uiFDMA_drc_routed.rpt"/>
  <File Type="ROUTE-DRC-PB" Name="uiFDMA_drc_routed.pb"/>
  <File Type="ROUTE-DRC-RPX" Name="uiFDMA_drc_routed.rpx"/>
  <File Type="BITSTR-MMI" Name="uiFDMA.mmi"/>
  <File Type="ROUTE-METHODOLOGY-DRC" Name="uiFDMA_methodology_drc_routed.rpt"/>
  <File Type="ROUTE-METHODOLOGY-DRC-RPX" Name="uiFDMA_methodology_drc_routed.rpx"/>
  <File Type="ROUTE-METHODOLOGY-DRC-PB" Name="uiFDMA_methodology_drc_routed.pb"/>
  <File Type="ROUTE-PWR-RPX" Name="uiFDMA_power_routed.rpx"/>
  <File Type="ROUTE-STATUS" Name="uiFDMA_route_status.rpt"/>
  <File Type="ROUTE-STATUS-PB" Name="uiFDMA_route_status.pb"/>
  <File Type="ROUTE-TIMINGSUMMARY" Name="uiFDMA_timing_summary_routed.rpt"/>
  <File Type="ROUTE-TIMING-PB" Name="uiFDMA_timing_summary_routed.pb"/>
  <File Type="ROUTE-TIMING-RPX" Name="uiFDMA_timing_summary_routed.rpx"/>
  <File Type="ROUTE-SIMILARITY" Name="uiFDMA_incremental_reuse_routed.rpt"/>
  <File Type="ROUTE-CLK" Name="uiFDMA_clock_utilization_routed.rpt"/>
  <File Type="ROUTE-BUS-SKEW" Name="uiFDMA_bus_skew_routed.rpt"/>
  <File Type="ROUTE-BUS-SKEW-PB" Name="uiFDMA_bus_skew_routed.pb"/>
  <File Type="ROUTE-BUS-SKEW-RPX" Name="uiFDMA_bus_skew_routed.rpx"/>
  <File Type="POSTROUTE-PHYSOPT-DCP" Name="uiFDMA_postroute_physopt.dcp"/>
  <File Type="POSTROUTE-PHYSOPT-BLACKBOX-DCP" Name="uiFDMA_postroute_physopt_bb.dcp"/>
  <File Type="POSTROUTE-PHYSOPT-TIMING" Name="uiFDMA_timing_summary_postroute_physopted.rpt"/>
  <File Type="POSTROUTE-PHYSOPT-TIMING-PB" Name="uiFDMA_timing_summary_postroute_physopted.pb"/>
  <File Type="POSTROUTE-PHYSOPT-TIMING-RPX" Name="uiFDMA_timing_summary_postroute_physopted.rpx"/>
  <File Type="POSTROUTE-PHYSOPT-BUS-SKEW" Name="uiFDMA_bus_skew_postroute_physopted.rpt"/>
  <File Type="POSTROUTE-PHYSOPT-BUS-SKEW-PB" Name="uiFDMA_bus_skew_postroute_physopted.pb"/>
  <File Type="BG-BIT" Name="uiFDMA.bit"/>
  <File Type="POSTROUTE-PHYSOPT-BUS-SKEW-RPX" Name="uiFDMA_bus_skew_postroute_physopted.rpx"/>
  <File Type="BITSTR-RBT" Name="uiFDMA.rbt"/>
  <File Type="BITSTR-NKY" Name="uiFDMA.nky"/>
  <File Type="PDI-FILE" Name="uiFDMA.pdi"/>
  <File Type="RCFI_FILE" Name="uiFDMA.rcfi"/>
  <File Type="CFI_FILE" Name="uiFDMA.cfi"/>
  <File Type="RNPI_FILE" Name="uiFDMA.rnpi"/>
  <File Type="NPI_FILE" Name="uiFDMA.npi"/>
  <File Type="RBD_FILE" Name="uiFDMA.rbd"/>
  <File Type="BITSTR-LTX" Name="debug_nets.ltx"/>
  <File Type="BITSTR-LTX" Name="uiFDMA.ltx"/>
  <File Type="BITSTR-SYSDEF" Name="uiFDMA.sysdef"/>
  <File Type="BG-BGN" Name="uiFDMA.bgn"/>
  <File Type="BG-DRC" Name="uiFDMA.drc"/>
  <File Type="RDI-RDI" Name="uiFDMA.vdi"/>
  <File Type="WBT-USG" Name="usage_statistics_webtalk.html"/>
  <FileSet Name="sources" Type="DesignSrcs" RelSrcDir="$PSRCDIR/sources_1" RelGenDir="$PSRCDIR/sources_1">
    <Filter Type="Srcs"/>
    <File Path="$PPRDIR/../uiFDMA.v">
      <FileInfo>
        <Attr Name="UsedIn" Val="synthesis"/>
        <Attr Name="UsedIn" Val="implementation"/>
        <Attr Name="UsedIn" Val="simulation"/>
      </FileInfo>
    </File>
    <File Path="$PPRDIR/../../../../../../../../v2020/s02/02_example_fdma_ddr_2/01_fdma_ddr_test_new/uisrc/03_ip/uifdma/component.xml">
      <FileInfo SFType="IPXACT"/>
    </File>
    <Config>
      <Option Name="DesignMode" Val="RTL"/>
      <Option Name="TopModule" Val="uiFDMA"/>
      <Option Name="TopAutoSet" Val="TRUE"/>
    </Config>
  </FileSet>
  <FileSet Name="constrs_in" Type="Constrs" RelSrcDir="$PSRCDIR/constrs_1">
    <Filter Type="Constrs"/>
    <Config>
      <Option Name="ConstrsType" Val="XDC"/>
    </Config>
  </FileSet>
  <FileSet Name="utils" Type="Utils" RelSrcDir="$PSRCDIR/utils_1">
    <Filter Type="Utils"/>
    <Config>
      <Option Name="TopAutoSet" Val="TRUE"/>
    </Config>
  </FileSet>
  <Strategy Version="1" Minor="2">
    <StratHandle Name="Vivado Implementation Defaults" Flow="Vivado Implementation 2019"/>
    <Step Id="init_design"/>
    <Step Id="opt_design"/>
    <Step Id="power_opt_design"/>
    <Step Id="place_design"/>
    <Step Id="post_place_power_opt_design"/>
    <Step Id="phys_opt_design" EnableStepBool="1"/>
    <Step Id="route_design"/>
    <Step Id="post_route_phys_opt_design"/>
    <Step Id="write_bitstream"/>
  </Strategy>
</GenRun>
