<?xml version="1.0" encoding="UTF-8"?>
<GenRun Id="synth_1" LaunchTime="1604716883">
  <File Type="PA-TCL" Name="uiSensorRGB565.tcl"/>
  <File Type="REPORTS-TCL" Name="uiSensorRGB565_reports.tcl"/>
  <File Type="RDS-RDS" Name="uiSensorRGB565.vds"/>
  <File Type="RDS-UTIL" Name="uiSensorRGB565_utilization_synth.rpt"/>
  <File Type="RDS-UTIL-PB" Name="uiSensorRGB565_utilization_synth.pb"/>
  <File Type="RDS-DCP" Name="uiSensorRGB565.dcp"/>
  <FileSet Name="sources" Type="DesignSrcs" RelSrcDir="$PSRCDIR/sources_1">
    <Filter Type="Srcs"/>
    <File Path="$PPRDIR/../uiSensorRGB565.v">
      <FileInfo>
        <Attr Name="UsedIn" Val="synthesis"/>
        <Attr Name="UsedIn" Val="implementation"/>
        <Attr Name="UsedIn" Val="simulation"/>
      </FileInfo>
    </File>
    <File Path="$PPRDIR/../../../../../../../../../../ch04_fdma_5640/zu_prj/uisrc/03_ip/uisensorrgb565/component.xml">
      <FileInfo SFType="IPXACT"/>
    </File>
    <Config>
      <Option Name="DesignMode" Val="RTL"/>
      <Option Name="TopModule" Val="uiSensorRGB565"/>
      <Option Name="TopAutoSet" Val="TRUE"/>
    </Config>
  </FileSet>
  <FileSet Name="constrs_in" Type="Constrs" RelSrcDir="$PSRCDIR/constrs_1">
    <Filter Type="Constrs"/>
    <Config>
      <Option Name="ConstrsType" Val="XDC"/>
    </Config>
  </FileSet>
  <FileSet Name="utils" Type="Utils" RelSrcDir="$PSRCDIR/utils_1">
    <Filter Type="Utils"/>
    <Config>
      <Option Name="TopAutoSet" Val="TRUE"/>
    </Config>
  </FileSet>
  <Strategy Version="1" Minor="2">
    <StratHandle Name="Vivado Synthesis Defaults" Flow="Vivado Synthesis 2019"/>
    <Step Id="synth_design"/>
  </Strategy>
</GenRun>
