<?xml version="1.0" encoding="UTF-8"?>
<GenRun Id="synth_1" LaunchPart="xc7z100ffv1156-2" LaunchTime="1615705775">
  <File Type="PA-TCL" Name="uiFDMA.tcl"/>
  <File Type="RDS-PROPCONSTRS" Name="uiFDMA_drc_synth.rpt"/>
  <File Type="REPORTS-TCL" Name="uiFDMA_reports.tcl"/>
  <File Type="RDS-RDS" Name="uiFDMA.vds"/>
  <File Type="RDS-UTIL" Name="uiFDMA_utilization_synth.rpt"/>
  <File Type="RDS-UTIL-PB" Name="uiFDMA_utilization_synth.pb"/>
  <File Type="RDS-DCP" Name="uiFDMA.dcp"/>
  <File Type="VDS-TIMINGSUMMARY" Name="uiFDMA_timing_summary_synth.rpt"/>
  <File Type="VDS-TIMING-PB" Name="uiFDMA_timing_summary_synth.pb"/>
  <FileSet Name="sources" Type="DesignSrcs" RelSrcDir="$PSRCDIR/sources_1" RelGenDir="$PSRCDIR/sources_1">
    <Filter Type="Srcs"/>
    <File Path="$PPRDIR/../uiFDMA.v">
      <FileInfo>
        <Attr Name="UsedIn" Val="synthesis"/>
        <Attr Name="UsedIn" Val="implementation"/>
        <Attr Name="UsedIn" Val="simulation"/>
      </FileInfo>
    </File>
    <File Path="$PPRDIR/../../../../../../../../v2020/s02/02_example_fdma_ddr_2/01_fdma_ddr_test_new/uisrc/03_ip/uifdma/component.xml">
      <FileInfo SFType="IPXACT"/>
    </File>
    <Config>
      <Option Name="DesignMode" Val="RTL"/>
      <Option Name="TopModule" Val="uiFDMA"/>
      <Option Name="TopAutoSet" Val="TRUE"/>
    </Config>
  </FileSet>
  <FileSet Name="constrs_in" Type="Constrs" RelSrcDir="$PSRCDIR/constrs_1">
    <Filter Type="Constrs"/>
    <Config>
      <Option Name="ConstrsType" Val="XDC"/>
    </Config>
  </FileSet>
  <FileSet Name="utils" Type="Utils" RelSrcDir="$PSRCDIR/utils_1">
    <Filter Type="Utils"/>
    <Config>
      <Option Name="TopAutoSet" Val="TRUE"/>
    </Config>
  </FileSet>
  <Strategy Version="1" Minor="2">
    <StratHandle Name="Vivado Synthesis Defaults" Flow="Vivado Synthesis 2019"/>
    <Step Id="synth_design"/>
  </Strategy>
</GenRun>
