<?xml version="1.0" encoding="UTF-8"?>
<spirit:component xmlns:xilinx="http://www.xilinx.com" xmlns:spirit="http://www.spiritconsortium.org/XMLSchema/SPIRIT/1685-2009" xmlns:xsi="http://www.w3.org/2001/XMLSchema-instance">
  <spirit:vendor>xilinx.com</spirit:vendor>
  <spirit:library>user</spirit:library>
  <spirit:name>rgb24to32</spirit:name>
  <spirit:version>1.0</spirit:version>
  <spirit:model>
    <spirit:views>
      <spirit:view>
        <spirit:name>xilinx_anylanguagesynthesis</spirit:name>
        <spirit:displayName>Synthesis</spirit:displayName>
        <spirit:envIdentifier>:vivado.xilinx.com:synthesis</spirit:envIdentifier>
        <spirit:language>Verilog</spirit:language>
        <spirit:modelName>rgb24to32</spirit:modelName>
        <spirit:fileSetRef>
          <spirit:localName>xilinx_anylanguagesynthesis_view_fileset</spirit:localName>
        </spirit:fileSetRef>
        <spirit:parameters>
          <spirit:parameter>
            <spirit:name>viewChecksum</spirit:name>
            <spirit:value>bdbf8065</spirit:value>
          </spirit:parameter>
        </spirit:parameters>
      </spirit:view>
      <spirit:view>
        <spirit:name>xilinx_anylanguagebehavioralsimulation</spirit:name>
        <spirit:displayName>Simulation</spirit:displayName>
        <spirit:envIdentifier>:vivado.xilinx.com:simulation</spirit:envIdentifier>
        <spirit:language>Verilog</spirit:language>
        <spirit:modelName>rgb24to32</spirit:modelName>
        <spirit:fileSetRef>
          <spirit:localName>xilinx_anylanguagebehavioralsimulation_view_fileset</spirit:localName>
        </spirit:fileSetRef>
        <spirit:parameters>
          <spirit:parameter>
            <spirit:name>viewChecksum</spirit:name>
            <spirit:value>bdbf8065</spirit:value>
          </spirit:parameter>
        </spirit:parameters>
      </spirit:view>
      <spirit:view>
        <spirit:name>xilinx_xpgui</spirit:name>
        <spirit:displayName>UI Layout</spirit:displayName>
        <spirit:envIdentifier>:vivado.xilinx.com:xgui.ui</spirit:envIdentifier>
        <spirit:fileSetRef>
          <spirit:localName>xilinx_xpgui_view_fileset</spirit:localName>
        </spirit:fileSetRef>
        <spirit:parameters>
          <spirit:parameter>
            <spirit:name>viewChecksum</spirit:name>
            <spirit:value>f64a5dae</spirit:value>
          </spirit:parameter>
        </spirit:parameters>
      </spirit:view>
    </spirit:views>
    <spirit:ports>
      <spirit:port>
        <spirit:name>rgb24</spirit:name>
        <spirit:wire>
          <spirit:direction>in</spirit:direction>
          <spirit:vector>
            <spirit:left spirit:format="long">23</spirit:left>
            <spirit:right spirit:format="long">0</spirit:right>
          </spirit:vector>
          <spirit:wireTypeDefs>
            <spirit:wireTypeDef>
              <spirit:typeName>std_logic_vector</spirit:typeName>
              <spirit:viewNameRef>xilinx_anylanguagesynthesis</spirit:viewNameRef>
              <spirit:viewNameRef>xilinx_anylanguagebehavioralsimulation</spirit:viewNameRef>
            </spirit:wireTypeDef>
          </spirit:wireTypeDefs>
        </spirit:wire>
      </spirit:port>
      <spirit:port>
        <spirit:name>rgb32</spirit:name>
        <spirit:wire>
          <spirit:direction>out</spirit:direction>
          <spirit:vector>
            <spirit:left spirit:format="long">31</spirit:left>
            <spirit:right spirit:format="long">0</spirit:right>
          </spirit:vector>
          <spirit:wireTypeDefs>
            <spirit:wireTypeDef>
              <spirit:typeName>std_logic_vector</spirit:typeName>
              <spirit:viewNameRef>xilinx_anylanguagesynthesis</spirit:viewNameRef>
              <spirit:viewNameRef>xilinx_anylanguagebehavioralsimulation</spirit:viewNameRef>
            </spirit:wireTypeDef>
          </spirit:wireTypeDefs>
        </spirit:wire>
      </spirit:port>
    </spirit:ports>
  </spirit:model>
  <spirit:fileSets>
    <spirit:fileSet>
      <spirit:name>xilinx_anylanguagesynthesis_view_fileset</spirit:name>
      <spirit:file>
        <spirit:name>uirgb24to32.v</spirit:name>
        <spirit:fileType>verilogSource</spirit:fileType>
        <spirit:userFileType>CHECKSUM_bdbf8065</spirit:userFileType>
      </spirit:file>
    </spirit:fileSet>
    <spirit:fileSet>
      <spirit:name>xilinx_anylanguagebehavioralsimulation_view_fileset</spirit:name>
      <spirit:file>
        <spirit:name>uirgb24to32.v</spirit:name>
        <spirit:fileType>verilogSource</spirit:fileType>
      </spirit:file>
    </spirit:fileSet>
    <spirit:fileSet>
      <spirit:name>xilinx_xpgui_view_fileset</spirit:name>
      <spirit:file>
        <spirit:name>xgui/rgb24to32_v1_0.tcl</spirit:name>
        <spirit:fileType>tclSource</spirit:fileType>
        <spirit:userFileType>CHECKSUM_f64a5dae</spirit:userFileType>
        <spirit:userFileType>XGUI_VERSION_2</spirit:userFileType>
      </spirit:file>
    </spirit:fileSet>
  </spirit:fileSets>
  <spirit:description>rgb24to32_v1_0</spirit:description>
  <spirit:parameters>
    <spirit:parameter>
      <spirit:name>Component_Name</spirit:name>
      <spirit:value spirit:resolve="user" spirit:id="PARAM_VALUE.Component_Name" spirit:order="1">rgb24to32_v1_0</spirit:value>
    </spirit:parameter>
  </spirit:parameters>
  <spirit:vendorExtensions>
    <xilinx:coreExtensions>
      <xilinx:supportedFamilies>
        <xilinx:family xilinx:lifeCycle="Production">versal</xilinx:family>
        <xilinx:family xilinx:lifeCycle="Production">kintex7</xilinx:family>
        <xilinx:family xilinx:lifeCycle="Production">kintex7l</xilinx:family>
        <xilinx:family xilinx:lifeCycle="Production">qkintex7</xilinx:family>
        <xilinx:family xilinx:lifeCycle="Production">qkintex7l</xilinx:family>
        <xilinx:family xilinx:lifeCycle="Production">akintex7</xilinx:family>
        <xilinx:family xilinx:lifeCycle="Production">artix7</xilinx:family>
        <xilinx:family xilinx:lifeCycle="Production">artix7l</xilinx:family>
        <xilinx:family xilinx:lifeCycle="Production">aartix7</xilinx:family>
        <xilinx:family xilinx:lifeCycle="Production">qartix7</xilinx:family>
        <xilinx:family xilinx:lifeCycle="Production">zynq</xilinx:family>
        <xilinx:family xilinx:lifeCycle="Production">qzynq</xilinx:family>
        <xilinx:family xilinx:lifeCycle="Production">azynq</xilinx:family>
        <xilinx:family xilinx:lifeCycle="Production">virtexuplus</xilinx:family>
        <xilinx:family xilinx:lifeCycle="Production">virtexuplusHBM</xilinx:family>
        <xilinx:family xilinx:lifeCycle="Production">kintexuplus</xilinx:family>
        <xilinx:family xilinx:lifeCycle="Production">zynquplus</xilinx:family>
        <xilinx:family xilinx:lifeCycle="Production">kintexu</xilinx:family>
      </xilinx:supportedFamilies>
      <xilinx:taxonomies>
        <xilinx:taxonomy>/UserIP</xilinx:taxonomy>
      </xilinx:taxonomies>
      <xilinx:displayName>rgb24to32_v1_0</xilinx:displayName>
      <xilinx:definitionSource>package_project</xilinx:definitionSource>
      <xilinx:coreRevision>2</xilinx:coreRevision>
      <xilinx:coreCreationDateTime>2021-11-17T08:21:14Z</xilinx:coreCreationDateTime>
      <xilinx:tags>
        <xilinx:tag xilinx:name="ui.data.coregen.df@7bcc4b2d_ARCHIVE_LOCATION">f:/MZU07A-EV/3_02_sdk_adv_app/14_photograph_fdma/9v034_sccb_hdmi/soc_prj/uisrc/03_ip/uirgb24to32</xilinx:tag>
        <xilinx:tag xilinx:name="ui.data.coregen.df@39b96928_ARCHIVE_LOCATION">f:/MZU07A-EV/3_02_sdk_adv_app/14_photograph_fdma/9v034_sccb_hdmi/soc_prj/uisrc/03_ip/uirgb24to32</xilinx:tag>
        <xilinx:tag xilinx:name="ui.data.coregen.df@5899ca48_ARCHIVE_LOCATION">f:/MZU07A-EV/3_02_sdk_adv_app/14_photograph_fdma/9v034_sccb_hdmi/soc_prj/uisrc/03_ip/uirgb24to32</xilinx:tag>
        <xilinx:tag xilinx:name="ui.data.coregen.df@69d5e035_ARCHIVE_LOCATION">f:/MZU07A-EV/3_02_sdk_adv_app/14_photograph_fdma/9v034_sccb_hdmi/soc_prj/uisrc/03_ip/uirgb24to32</xilinx:tag>
        <xilinx:tag xilinx:name="ui.data.coregen.df@539da920_ARCHIVE_LOCATION">f:/MZU07A-EV/3_02_sdk_adv_app/14_photograph_fdma/9v034_sccb_hdmi/soc_prj/uisrc/03_ip/uirgb24to32</xilinx:tag>
        <xilinx:tag xilinx:name="ui.data.coregen.df@50d81908_ARCHIVE_LOCATION">f:/MZU07A-EV/3_02_sdk_adv_app/14_photograph_fdma/9v034_sccb_hdmi/soc_prj/uisrc/03_ip/uirgb24to32</xilinx:tag>
        <xilinx:tag xilinx:name="ui.data.coregen.df@40c5a1e4_ARCHIVE_LOCATION">f:/MZU07A-EV/3_02_sdk_adv_app/14_photograph_fdma/9v034_sccb_hdmi/soc_prj/uisrc/03_ip/uirgb24to32</xilinx:tag>
        <xilinx:tag xilinx:name="ui.data.coregen.df@709b2d5f_ARCHIVE_LOCATION">f:/MZU07A-EV/3_02_sdk_adv_app/14_photograph_fdma/9v034_sccb_hdmi/soc_prj/uisrc/03_ip/uirgb24to32</xilinx:tag>
        <xilinx:tag xilinx:name="ui.data.coregen.df@3cb2e91a_ARCHIVE_LOCATION">f:/MZU07A-EV/3_02_sdk_adv_app/14_photograph_fdma/9v034_sccb_hdmi/soc_prj/uisrc/03_ip/uirgb24to32</xilinx:tag>
        <xilinx:tag xilinx:name="ui.data.coregen.df@48b13ac5_ARCHIVE_LOCATION">f:/MZU07A-EV/3_02_sdk_adv_app/14_photograph_fdma/9v034_sccb_hdmi/soc_prj/uisrc/03_ip/uirgb24to32</xilinx:tag>
        <xilinx:tag xilinx:name="ui.data.coregen.df@5f0fe0b3_ARCHIVE_LOCATION">f:/MZU07A-EV/3_02_sdk_adv_app/14_photograph_fdma/9v034_sccb_hdmi/soc_prj/uisrc/03_ip/uirgb24to32</xilinx:tag>
      </xilinx:tags>
    </xilinx:coreExtensions>
    <xilinx:packagingInfo>
      <xilinx:xilinxVersion>2021.1</xilinx:xilinxVersion>
      <xilinx:checksum xilinx:scope="fileGroups" xilinx:value="993d7e1a"/>
      <xilinx:checksum xilinx:scope="ports" xilinx:value="a92f3a31"/>
      <xilinx:checksum xilinx:scope="parameters" xilinx:value="8070bccf"/>
    </xilinx:packagingInfo>
  </spirit:vendorExtensions>
</spirit:component>
