<?xml version="1.0" encoding="UTF-8"?>
<GenRun Id="synth_1" LaunchPart="xc7z035ffg676-2" LaunchTime="1630635952">
  <File Type="PA-TCL" Name="uifdma_dbuf.tcl"/>
  <File Type="RDS-PROPCONSTRS" Name="uifdma_dbuf_drc_synth.rpt"/>
  <File Type="REPORTS-TCL" Name="uifdma_dbuf_reports.tcl"/>
  <File Type="RDS-RDS" Name="uifdma_dbuf.vds"/>
  <File Type="RDS-UTIL" Name="uifdma_dbuf_utilization_synth.rpt"/>
  <File Type="RDS-UTIL-PB" Name="uifdma_dbuf_utilization_synth.pb"/>
  <File Type="RDS-DCP" Name="uifdma_dbuf.dcp"/>
  <File Type="VDS-TIMINGSUMMARY" Name="uifdma_dbuf_timing_summary_synth.rpt"/>
  <File Type="VDS-TIMING-PB" Name="uifdma_dbuf_timing_summary_synth.pb"/>
  <FileSet Name="sources" Type="DesignSrcs" RelSrcDir="$PSRCDIR/sources_1" RelGenDir="$PGENDIR/sources_1">
    <Filter Type="Srcs"/>
    <File Path="$PPRDIR/../fs_cap.v">
      <FileInfo>
        <Attr Name="UsedIn" Val="synthesis"/>
        <Attr Name="UsedIn" Val="implementation"/>
        <Attr Name="UsedIn" Val="simulation"/>
      </FileInfo>
    </File>
    <File Path="$PPRDIR/../uidbuf.v">
      <FileInfo>
        <Attr Name="UsedIn" Val="synthesis"/>
        <Attr Name="UsedIn" Val="implementation"/>
        <Attr Name="UsedIn" Val="simulation"/>
      </FileInfo>
    </File>
    <File Path="$PPRDIR/../uidbufirq.v">
      <FileInfo>
        <Attr Name="UsedIn" Val="synthesis"/>
        <Attr Name="UsedIn" Val="implementation"/>
        <Attr Name="UsedIn" Val="simulation"/>
      </FileInfo>
    </File>
    <File Path="$PPRDIR/../uifdma_dbuf.v">
      <FileInfo>
        <Attr Name="UsedIn" Val="synthesis"/>
        <Attr Name="UsedIn" Val="implementation"/>
        <Attr Name="UsedIn" Val="simulation"/>
      </FileInfo>
    </File>
    <File Path="$PPRDIR/../../../../../../../../boards/mz7x/fdma_dbuf_lwip_daq4225/zu_prj/uisrc/03_ip/uifdmadbuf/component.xml">
      <FileInfo SFType="IPXACT"/>
    </File>
    <Config>
      <Option Name="DesignMode" Val="RTL"/>
      <Option Name="TopModule" Val="uifdma_dbuf"/>
      <Option Name="TopAutoSet" Val="TRUE"/>
    </Config>
  </FileSet>
  <FileSet Name="constrs_in" Type="Constrs" RelSrcDir="$PSRCDIR/constrs_1">
    <Filter Type="Constrs"/>
    <Config>
      <Option Name="ConstrsType" Val="XDC"/>
    </Config>
  </FileSet>
  <FileSet Name="utils" Type="Utils" RelSrcDir="$PSRCDIR/utils_1">
    <Filter Type="Utils"/>
    <Config>
      <Option Name="TopAutoSet" Val="TRUE"/>
    </Config>
  </FileSet>
  <Strategy Version="1" Minor="2">
    <StratHandle Name="Vivado Synthesis Defaults" Flow="Vivado Synthesis 2021"/>
    <Step Id="synth_design"/>
  </Strategy>
</GenRun>
