<?xml version="1.0" encoding="UTF-8"?>
<GenRun Id="impl_1" LaunchTime="1604716883">
  <File Type="ROUTE-PWR" Name="uiSensorRGB565_power_routed.rpt"/>
  <File Type="PA-TCL" Name="uiSensorRGB565.tcl"/>
  <File Type="ROUTE-PWR-SUM" Name="uiSensorRGB565_power_summary_routed.pb"/>
  <File Type="REPORTS-TCL" Name="uiSensorRGB565_reports.tcl"/>
  <File Type="BITSTR-MSK" Name="uiSensorRGB565.msk"/>
  <File Type="ROUTE-CLK" Name="uiSensorRGB565_clock_utilization_routed.rpt"/>
  <File Type="RDI-RDI" Name="uiSensorRGB565.vdi"/>
  <File Type="BG-BIT" Name="uiSensorRGB565.bit"/>
  <File Type="BG-DRC" Name="uiSensorRGB565.drc"/>
  <File Type="BG-BGN" Name="uiSensorRGB565.bgn"/>
  <File Type="BG-BIN" Name="uiSensorRGB565.bin"/>
  <File Type="BITSTR-RBT" Name="uiSensorRGB565.rbt"/>
  <File Type="BITSTR-NKY" Name="uiSensorRGB565.nky"/>
  <File Type="BITSTR-BMM" Name="uiSensorRGB565_bd.bmm"/>
  <File Type="ROUTE-METHODOLOGY-DRC" Name="uiSensorRGB565_methodology_drc_routed.rpt"/>
  <File Type="BITSTR-MMI" Name="uiSensorRGB565.mmi"/>
  <File Type="BITSTR-SYSDEF" Name="uiSensorRGB565.sysdef"/>
  <File Type="BITSTR-LTX" Name="debug_nets.ltx"/>
  <File Type="BITSTR-LTX" Name="uiSensorRGB565.ltx"/>
  <File Type="WBT-USG" Name="usage_statistics_webtalk.html"/>
  <File Type="OPT-DRC" Name="uiSensorRGB565_drc_opted.rpt"/>
  <File Type="OPT-HWDEF" Name="uiSensorRGB565.hwdef"/>
  <File Type="PLACE-IO" Name="uiSensorRGB565_io_placed.rpt"/>
  <File Type="PLACE-UTIL" Name="uiSensorRGB565_utilization_placed.rpt"/>
  <File Type="PLACE-UTIL-PB" Name="uiSensorRGB565_utilization_placed.pb"/>
  <File Type="PLACE-CTRL" Name="uiSensorRGB565_control_sets_placed.rpt"/>
  <File Type="PLACE-PRE-SIMILARITY" Name="uiSensorRGB565_incremental_reuse_pre_placed.rpt"/>
  <File Type="ROUTE-DRC" Name="uiSensorRGB565_drc_routed.rpt"/>
  <File Type="ROUTE-DRC-PB" Name="uiSensorRGB565_drc_routed.pb"/>
  <File Type="ROUTE-PWR-RPX" Name="uiSensorRGB565_power_routed.rpx"/>
  <File Type="ROUTE-STATUS" Name="uiSensorRGB565_route_status.rpt"/>
  <File Type="ROUTE-STATUS-PB" Name="uiSensorRGB565_route_status.pb"/>
  <File Type="ROUTE-DCP" Name="uiSensorRGB565_routed.dcp"/>
  <File Type="ROUTE-ERROR-DCP" Name="uiSensorRGB565_routed_error.dcp"/>
  <File Type="ROUTE-BLACKBOX-DCP" Name="uiSensorRGB565_routed_bb.dcp"/>
  <File Type="ROUTE-TIMINGSUMMARY" Name="uiSensorRGB565_timing_summary_routed.rpt"/>
  <File Type="ROUTE-TIMING-PB" Name="uiSensorRGB565_timing_summary_routed.pb"/>
  <File Type="ROUTE-TIMING-RPX" Name="uiSensorRGB565_timing_summary_routed.rpx"/>
  <File Type="ROUTE-BUS-SKEW" Name="uiSensorRGB565_bus_skew_routed.rpt"/>
  <File Type="ROUTE-BUS-SKEW-PB" Name="uiSensorRGB565_bus_skew_routed.pb"/>
  <File Type="ROUTE-BUS-SKEW-RPX" Name="uiSensorRGB565_bus_skew_routed.rpx"/>
  <File Type="OPT-DCP" Name="uiSensorRGB565_opt.dcp"/>
  <File Type="PLACE-DCP" Name="uiSensorRGB565_placed.dcp"/>
  <File Type="PWROPT-DCP" Name="uiSensorRGB565_pwropt.dcp"/>
  <File Type="POSTPLACE-PWROPT-DCP" Name="uiSensorRGB565_postplace_pwropt.dcp"/>
  <File Type="PHYSOPT-DCP" Name="uiSensorRGB565_physopt.dcp"/>
  <File Type="POSTROUTE-PHYSOPT-DCP" Name="uiSensorRGB565_postroute_physopt.dcp"/>
  <File Type="POSTROUTE-PHYSOPT-BLACKBOX-DCP" Name="uiSensorRGB565_postroute_physopt_bb.dcp"/>
  <File Type="ROUTE-METHODOLOGY-DRC-PB" Name="uiSensorRGB565_methodology_drc_routed.pb"/>
  <File Type="ROUTE-DRC-RPX" Name="uiSensorRGB565_drc_routed.rpx"/>
  <File Type="ROUTE-METHODOLOGY-DRC-RPX" Name="uiSensorRGB565_methodology_drc_routed.rpx"/>
  <File Type="PDI-FILE" Name="uiSensorRGB565.pdi"/>
  <File Type="RCFI_FILE" Name="uiSensorRGB565.rcfi"/>
  <File Type="CFI_FILE" Name="uiSensorRGB565.cfi"/>
  <File Type="RNPI_FILE" Name="uiSensorRGB565.rnpi"/>
  <File Type="NPI_FILE" Name="uiSensorRGB565.npi"/>
  <File Type="RBD_FILE" Name="uiSensorRGB565.rbd"/>
  <FileSet Name="sources" Type="DesignSrcs" RelSrcDir="$PSRCDIR/sources_1">
    <Filter Type="Srcs"/>
    <File Path="$PPRDIR/../uiSensorRGB565.v">
      <FileInfo>
        <Attr Name="UsedIn" Val="synthesis"/>
        <Attr Name="UsedIn" Val="implementation"/>
        <Attr Name="UsedIn" Val="simulation"/>
      </FileInfo>
    </File>
    <File Path="$PPRDIR/../../../../../../../../../../ch04_fdma_5640/zu_prj/uisrc/03_ip/uisensorrgb565/component.xml">
      <FileInfo SFType="IPXACT"/>
    </File>
    <Config>
      <Option Name="DesignMode" Val="RTL"/>
      <Option Name="TopModule" Val="uiSensorRGB565"/>
      <Option Name="TopAutoSet" Val="TRUE"/>
    </Config>
  </FileSet>
  <FileSet Name="constrs_in" Type="Constrs" RelSrcDir="$PSRCDIR/constrs_1">
    <Filter Type="Constrs"/>
    <Config>
      <Option Name="ConstrsType" Val="XDC"/>
    </Config>
  </FileSet>
  <FileSet Name="utils" Type="Utils" RelSrcDir="$PSRCDIR/utils_1">
    <Filter Type="Utils"/>
    <Config>
      <Option Name="TopAutoSet" Val="TRUE"/>
    </Config>
  </FileSet>
  <Strategy Version="1" Minor="2">
    <StratHandle Name="Vivado Implementation Defaults" Flow="Vivado Implementation 2019"/>
    <Step Id="init_design"/>
    <Step Id="opt_design"/>
    <Step Id="power_opt_design"/>
    <Step Id="place_design"/>
    <Step Id="post_place_power_opt_design"/>
    <Step Id="phys_opt_design" EnableStepBool="1"/>
    <Step Id="route_design"/>
    <Step Id="post_route_phys_opt_design"/>
    <Step Id="write_bitstream"/>
    <Step Id="write_device_image"/>
  </Strategy>
</GenRun>
